sample_id,intent,slots_json,linearized_input,reference_response,is_edge_case
133,return_request,"{""order_id"": ""1234"", ""item"": ""coffee maker"", ""reason"": ""wrong size"", ""pickup_date"": ""next Monday""}",intent=return_request order_id=1234 item=coffee maker reason=wrong size pickup_date=next Monday,I created a return request for coffee maker under order 1234 because wrong size; pickup is scheduled for next Monday.,True
109,return_request,"{""order_id"": ""7744"", ""item"": ""coffee maker and running shoes"", ""reason"": ""change of mind"", ""return_id"": ""RET2035""}",intent=return_request order_id=7744 item=coffee maker and running shoes reason=change of mind return_id=RET2035,A return has been created for coffee maker and running shoes in order 7744 because change of mind.,True
138,return_request,"{""order_id"": ""9812"", ""item"": ""running shoes and coffee maker"", ""reason"": ""change of mind"", ""method"": ""drop-off"", ""pickup_date"": ""tomorrow"", ""return_id"": ""RET2001""}",intent=return_request order_id=9812 item=running shoes and coffee maker reason=change of mind method=drop-off pickup_date=tomorrow return_id=RET2001,Your return request for running shoes and coffee maker from order 9812 is confirmed because change of mind via drop-off; pickup is scheduled for tomorrow.,True
10,order_status,"{""order_id"": ""5630"", ""status"": ""out for delivery"", ""tracking_id"": ""TRK9999""}",intent=order_status order_id=5630 status=out for delivery tracking_id=TRK9999,The status of order 5630 is out for delivery.,True
181,delivery_delay,"{""order_id"": ""9812"", ""eta"": ""7 May"", ""cause"": ""carrier issue"", ""carrier"": ""BlueDart"", ""compensation"": ""you are eligible for free shipping next time""}",intent=delivery_delay order_id=9812 eta=7 May cause=carrier issue carrier=BlueDart compensation=you are eligible for free shipping next time,Order 9812 is delayed and is now expected on 7 May because of carrier issue; you are eligible for free shipping next time.,False
127,return_request,"{""order_id"": ""7744"", ""item"": ""blue shirt"", ""reason"": ""wrong size"", ""pickup_date"": ""next Monday"", ""return_id"": ""RET2011""}",intent=return_request order_id=7744 item=blue shirt reason=wrong size pickup_date=next Monday return_id=RET2011,Your return request for blue shirt from order 7744 is confirmed because wrong size; pickup is scheduled for next Monday.,True
220,payment_status,"{""order_id"": ""7744"", ""payment_status"": ""successful"", ""amount"": ""₹1,249"", ""transaction_id"": ""TXN12345""}","intent=payment_status order_id=7744 payment_status=successful amount=₹1,249 transaction_id=TXN12345","The payment status of order 7744 is successful for ₹1,249 and transaction id is TXN12345.",True
197,delivery_delay,"{""order_id"": ""2481"", ""eta"": ""tomorrow"", ""cause"": ""weather disruption"", ""carrier"": ""Delhivery""}",intent=delivery_delay order_id=2481 eta=tomorrow cause=weather disruption carrier=Delhivery,The delivery for order 2481 has been delayed until tomorrow because of weather disruption.,True
267,payment_status,"{""order_id"": ""2481"", ""payment_status"": ""reversed"", ""amount"": ""₹2,999"", ""date"": ""today""}","intent=payment_status order_id=2481 payment_status=reversed amount=₹2,999 date=today","Payment for order 2481 is reversed for ₹2,999.",True
145,return_request,"{""order_id"": ""1234"", ""item"": ""running shoes"", ""reason"": ""duplicate order"", ""pickup_date"": ""3 May"", ""return_id"": ""RET2011""}",intent=return_request order_id=1234 item=running shoes reason=duplicate order pickup_date=3 May return_id=RET2011,Your return request for running shoes from order 1234 is confirmed because duplicate order; pickup is scheduled for 3 May.,True
180,delivery_delay,"{""order_id"": ""5630"", ""eta"": ""5 May"", ""cause"": ""high demand"", ""carrier"": ""BlueDart""}",intent=delivery_delay order_id=5630 eta=5 May cause=high demand carrier=BlueDart,Your order 5630 will arrive by 5 May because of high demand.,True
165,delivery_delay,"{""order_id"": ""7744"", ""eta"": ""5 May"", ""cause"": ""weather disruption""}",intent=delivery_delay order_id=7744 eta=5 May cause=weather disruption,Order 7744 is delayed and is now expected on 5 May because of weather disruption.,True
227,payment_status,"{""order_id"": ""2481"", ""payment_status"": ""reversed"", ""amount"": ""₹799"", ""method"": ""pickup"", ""transaction_id"": ""TXN55521""}",intent=payment_status order_id=2481 payment_status=reversed amount=₹799 method=pickup transaction_id=TXN55521,Payment for order 2481 is reversed for ₹799 via pickup and transaction id is TXN55521.,True
125,return_request,"{""order_id"": ""2481"", ""item"": ""running shoes"", ""reason"": ""damaged item""}",intent=return_request order_id=2481 item=running shoes reason=damaged item,I created a return request for running shoes under order 2481 because damaged item.,True
187,delivery_delay,"{""order_id"": ""5630"", ""eta"": ""5 May"", ""cause"": ""carrier issue"", ""compensation"": ""you are eligible for free shipping next time""}",intent=delivery_delay order_id=5630 eta=5 May cause=carrier issue compensation=you are eligible for free shipping next time,Your order 5630 will arrive by 5 May because of carrier issue; you are eligible for free shipping next time.,True
303,refund_status,"{""refund_id"": ""RF1001"", ""order_id"": ""7744"", ""refund_status"": ""pending"", ""date"": ""today"", ""method"": ""drop-off""}",intent=refund_status refund_id=RF1001 order_id=7744 refund_status=pending date=today method=drop-off,Refund RF1001 has been marked as pending for order 7744 on today.,True
297,refund_status,"{""refund_id"": ""RF1010"", ""order_id"": ""9812"", ""refund_status"": ""processed"", ""amount"": ""₹1,249"", ""method"": ""drop-off""}","intent=refund_status refund_id=RF1010 order_id=9812 refund_status=processed amount=₹1,249 method=drop-off","Refund RF1010 has been marked as processed for order 9812 for ₹1,249.",True
117,return_request,"{""order_id"": ""2481"", ""item"": ""wireless mouse"", ""reason"": ""late delivery"", ""method"": ""drop-off"", ""return_id"": ""RET2035""}",intent=return_request order_id=2481 item=wireless mouse reason=late delivery method=drop-off return_id=RET2035,I created a return request for wireless mouse under order 2481 because late delivery via drop-off.,True
26,order_status,"{""order_id"": ""2481"", ""status"": ""out for delivery"", ""carrier"": ""BlueDart""}",intent=order_status order_id=2481 status=out for delivery carrier=BlueDart,The status of order 2481 is out for delivery.,True
6,order_status,"{""order_id"": ""1234"", ""status"": ""delivered"", ""carrier"": ""FedEx""}",intent=order_status order_id=1234 status=delivered carrier=FedEx,Your order 1234 is delivered.,True
314,refund_status,"{""refund_id"": ""RF1010"", ""order_id"": ""2481"", ""refund_status"": ""pending"", ""amount"": ""₹799"", ""date"": ""today""}",intent=refund_status refund_id=RF1010 order_id=2481 refund_status=pending amount=₹799 date=today,Refund RF1010 has been marked as pending for order 2481 for ₹799 on today.,True
273,refund_status,"{""refund_id"": ""RF1002"", ""order_id"": ""7744"", ""refund_status"": ""processed""}",intent=refund_status refund_id=RF1002 order_id=7744 refund_status=processed,Refund RF1002 has been marked as processed for order 7744.,True
47,order_status,"{""order_id"": ""2481"", ""status"": ""delivered"", ""date"": ""3 May"", ""tracking_id"": ""TRK2033""}",intent=order_status order_id=2481 status=delivered date=3 May tracking_id=TRK2033,Order 2481 has been delivered on 3 May.,True
83,cancel_order,"{""order_id"": ""7744"", ""reason"": ""duplicate order"", ""refund_status"": ""completed"", ""date"": ""today""}",intent=cancel_order order_id=7744 reason=duplicate order refund_status=completed date=today,Order 7744 has been cancelled because duplicate order; refund status is completed.,False
94,cancel_order,"{""order_id"": ""7744"", ""reason"": ""duplicate order"", ""refund_status"": ""approved"", ""date"": ""today""}",intent=cancel_order order_id=7744 reason=duplicate order refund_status=approved date=today,I have cancelled order 7744 because duplicate order; refund status is approved.,False
158,return_request,"{""order_id"": ""9812"", ""item"": ""phone case and coffee maker"", ""reason"": ""duplicate order"", ""method"": ""mail-in"", ""return_id"": ""RET2011""}",intent=return_request order_id=9812 item=phone case and coffee maker reason=duplicate order method=mail-in return_id=RET2011,Your return request for phone case and coffee maker from order 9812 is confirmed because duplicate order via mail-in.,True
210,delivery_delay,"{""order_id"": ""7744"", ""eta"": ""5 May"", ""cause"": ""high demand"", ""carrier"": ""FedEx""}",intent=delivery_delay order_id=7744 eta=5 May cause=high demand carrier=FedEx,Your order 7744 will arrive by 5 May because of high demand.,True
79,cancel_order,"{""order_id"": ""7744"", ""reason"": ""late delivery"", ""date"": ""3 May""}",intent=cancel_order order_id=7744 reason=late delivery date=3 May,Order 7744 has been cancelled because late delivery.,True
64,cancel_order,"{""order_id"": ""1234"", ""reason"": ""wrong size"", ""refund_status"": ""completed"", ""date"": ""1 May""}",intent=cancel_order order_id=1234 reason=wrong size refund_status=completed date=1 May,The cancellation request for order 1234 is complete because wrong size; refund status is completed.,False
320,refund_status,"{""refund_id"": ""RF1002"", ""order_id"": ""5630"", ""refund_status"": ""approved"", ""method"": ""mail-in""}",intent=refund_status refund_id=RF1002 order_id=5630 refund_status=approved method=mail-in,Refund RF1002 has been marked as approved for order 5630.,True
91,cancel_order,"{""order_id"": ""7744"", ""reason"": ""damaged item""}",intent=cancel_order order_id=7744 reason=damaged item,I have cancelled order 7744 because damaged item.,True
207,delivery_delay,"{""order_id"": ""7744"", ""eta"": ""tomorrow evening"", ""cause"": ""high demand""}",intent=delivery_delay order_id=7744 eta=tomorrow evening cause=high demand,The delivery for order 7744 has been delayed until tomorrow evening because of high demand.,True
250,payment_status,"{""order_id"": ""5630"", ""payment_status"": ""reversed"", ""amount"": ""₹499"", ""method"": ""pickup"", ""transaction_id"": ""TXN77881"", ""date"": ""3 May""}",intent=payment_status order_id=5630 payment_status=reversed amount=₹499 method=pickup transaction_id=TXN77881 date=3 May,Payment for order 5630 is reversed for ₹499 via pickup and transaction id is TXN77881.,False
176,delivery_delay,"{""order_id"": ""2481"", ""eta"": ""2 May"", ""carrier"": ""Delhivery"", ""compensation"": ""you are eligible for free shipping next time""}",intent=delivery_delay order_id=2481 eta=2 May carrier=Delhivery compensation=you are eligible for free shipping next time,Order 2481 is delayed and is now expected on 2 May; you are eligible for free shipping next time.,True
301,refund_status,"{""refund_id"": ""RF1044"", ""order_id"": ""5630"", ""refund_status"": ""pending"", ""amount"": ""₹799""}",intent=refund_status refund_id=RF1044 order_id=5630 refund_status=pending amount=₹799,The refund status for order 5630 is pending for ₹799.,True
174,delivery_delay,"{""order_id"": ""1234"", ""eta"": ""5 May"", ""cause"": ""logistics delay"", ""carrier"": ""DHL""}",intent=delivery_delay order_id=1234 eta=5 May cause=logistics delay carrier=DHL,Order 1234 is delayed and is now expected on 5 May because of logistics delay.,True
56,cancel_order,"{""order_id"": ""7744"", ""reason"": ""late delivery"", ""refund_status"": ""approved"", ""date"": ""today""}",intent=cancel_order order_id=7744 reason=late delivery refund_status=approved date=today,Order 7744 has been cancelled because late delivery; refund status is approved.,False
34,order_status,"{""order_id"": ""1234"", ""status"": ""out for delivery"", ""date"": ""1 May""}",intent=order_status order_id=1234 status=out for delivery date=1 May,Order 1234 has been out for delivery on 1 May.,True
102,cancel_order,"{""order_id"": ""9812"", ""reason"": ""late delivery"", ""date"": ""today""}",intent=cancel_order order_id=9812 reason=late delivery date=today,The cancellation request for order 9812 is complete because late delivery.,True
166,delivery_delay,"{""order_id"": ""9812"", ""eta"": ""2 May"", ""cause"": ""carrier issue"", ""carrier"": ""BlueDart""}",intent=delivery_delay order_id=9812 eta=2 May cause=carrier issue carrier=BlueDart,Order 9812 is delayed and is now expected on 2 May because of carrier issue.,True
178,delivery_delay,"{""order_id"": ""1234"", ""eta"": ""2 May"", ""carrier"": ""DHL""}",intent=delivery_delay order_id=1234 eta=2 May carrier=DHL,The delivery for order 1234 has been delayed until 2 May.,True
43,order_status,"{""order_id"": ""2481"", ""status"": ""packed"", ""date"": ""2 May"", ""carrier"": ""BlueDart""}",intent=order_status order_id=2481 status=packed date=2 May carrier=BlueDart,Order 2481 has been packed on 2 May.,True
305,refund_status,"{""refund_id"": ""RF1002"", ""order_id"": ""1234"", ""refund_status"": ""completed""}",intent=refund_status refund_id=RF1002 order_id=1234 refund_status=completed,The refund status for order 1234 is completed.,True
259,payment_status,"{""order_id"": ""1234"", ""payment_status"": ""pending"", ""amount"": ""₹799 / ₹799"", ""transaction_id"": ""TXN55521"", ""date"": ""3 May""}",intent=payment_status order_id=1234 payment_status=pending amount=₹799 / ₹799 transaction_id=TXN55521 date=3 May,Order 1234 has a pending payment of ₹799 / ₹799 and transaction id is TXN55521.,True
46,order_status,"{""order_id"": ""5630"", ""status"": ""shipped"", ""date"": ""today"", ""carrier"": ""FedEx"", ""tracking_id"": ""TRK1001""}",intent=order_status order_id=5630 status=shipped date=today carrier=FedEx tracking_id=TRK1001,Order 5630 has been shipped on today.,False
304,refund_status,"{""refund_id"": ""RF1002"", ""order_id"": ""5630"", ""refund_status"": ""approved"", ""amount"": ""₹2,999""}","intent=refund_status refund_id=RF1002 order_id=5630 refund_status=approved amount=₹2,999","Refund RF1002 has been marked as approved for order 5630 for ₹2,999.",True
173,delivery_delay,"{""order_id"": ""1234"", ""eta"": ""tomorrow""}",intent=delivery_delay order_id=1234 eta=tomorrow,The delivery for order 1234 has been delayed until tomorrow.,True
293,refund_status,"{""refund_id"": ""RF1044"", ""order_id"": ""9812"", ""refund_status"": ""completed"", ""amount"": ""₹499"", ""date"": ""3 May"", ""method"": ""drop-off""}",intent=refund_status refund_id=RF1044 order_id=9812 refund_status=completed amount=₹499 date=3 May method=drop-off,Refund RF1044 for order 9812 is completed for ₹499 on 3 May.,False
58,cancel_order,"{""order_id"": ""9812"", ""reason"": ""late delivery""}",intent=cancel_order order_id=9812 reason=late delivery,I have cancelled order 9812 because late delivery.,True
17,order_status,"{""order_id"": ""5630"", ""status"": ""packed"", ""date"": ""1 May"", ""carrier"": ""DHL""}",intent=order_status order_id=5630 status=packed date=1 May carrier=DHL,Order 5630 has been packed on 1 May.,True
77,cancel_order,"{""order_id"": ""1234"", ""reason"": ""duplicate order"", ""refund_status"": ""pending"", ""date"": ""today""}",intent=cancel_order order_id=1234 reason=duplicate order refund_status=pending date=today,I have cancelled order 1234 because duplicate order; refund status is pending.,False
110,return_request,"{""order_id"": ""5630"", ""item"": ""phone case"", ""reason"": ""late delivery"", ""pickup_date"": ""3 May"", ""return_id"": ""RET2011""}",intent=return_request order_id=5630 item=phone case reason=late delivery pickup_date=3 May return_id=RET2011,A return has been created for phone case in order 5630 because late delivery; pickup is scheduled for 3 May.,True
8,order_status,"{""order_id"": ""2481"", ""status"": ""shipped"", ""date"": ""1 May"", ""carrier"": ""Delhivery"", ""tracking_id"": ""TRK1001""}",intent=order_status order_id=2481 status=shipped date=1 May carrier=Delhivery tracking_id=TRK1001,Order 2481 has been shipped on 1 May.,False
76,cancel_order,"{""order_id"": ""9812"", ""reason"": ""change of mind"", ""refund_status"": ""pending""}",intent=cancel_order order_id=9812 reason=change of mind refund_status=pending,I have cancelled order 9812 because change of mind; refund status is pending.,True
78,cancel_order,"{""order_id"": ""7744"", ""reason"": ""wrong size"", ""date"": ""3 May""}",intent=cancel_order order_id=7744 reason=wrong size date=3 May,The cancellation request for order 7744 is complete because wrong size.,True
289,refund_status,"{""refund_id"": ""RF1002"", ""order_id"": ""9812"", ""refund_status"": ""completed""}",intent=refund_status refund_id=RF1002 order_id=9812 refund_status=completed,Refund RF1002 has been marked as completed for order 9812.,True
285,refund_status,"{""refund_id"": ""RF1044"", ""order_id"": ""9812"", ""refund_status"": ""completed"", ""date"": ""2 May""}",intent=refund_status refund_id=RF1044 order_id=9812 refund_status=completed date=2 May,Refund RF1044 for order 9812 is completed on 2 May.,True
246,payment_status,"{""order_id"": ""2481"", ""payment_status"": ""failed"", ""amount"": ""₹1,249"", ""method"": ""mail-in""}","intent=payment_status order_id=2481 payment_status=failed amount=₹1,249 method=mail-in","Payment for order 2481 is failed for ₹1,249 via mail-in.",True
4,order_status,"{""order_id"": ""7744"", ""status"": ""shipped"", ""tracking_id"": ""TRK1001""}",intent=order_status order_id=7744 status=shipped tracking_id=TRK1001,Order 7744 has been shipped.,True
120,return_request,"{""order_id"": ""2481"", ""item"": ""blue shirt"", ""reason"": ""duplicate order""}",intent=return_request order_id=2481 item=blue shirt reason=duplicate order,A return has been created for blue shirt in order 2481 because duplicate order.,True
105,cancel_order,"{""order_id"": ""5630"", ""reason"": ""wrong size"", ""refund_status"": ""completed"", ""date"": ""today""}",intent=cancel_order order_id=5630 reason=wrong size refund_status=completed date=today,I have cancelled order 5630 because wrong size; refund status is completed.,False
232,payment_status,"{""order_id"": ""9812"", ""payment_status"": ""failed"", ""amount"": ""₹499"", ""date"": ""today""}",intent=payment_status order_id=9812 payment_status=failed amount=₹499 date=today,The payment status of order 9812 is failed for ₹499.,True
61,cancel_order,"{""order_id"": ""5630"", ""reason"": ""duplicate order"", ""refund_status"": ""approved""}",intent=cancel_order order_id=5630 reason=duplicate order refund_status=approved,Order 5630 has been cancelled because duplicate order; refund status is approved.,True
95,cancel_order,"{""order_id"": ""5630"", ""reason"": ""duplicate order"", ""refund_status"": ""processed"", ""date"": ""1 May""}",intent=cancel_order order_id=5630 reason=duplicate order refund_status=processed date=1 May,The cancellation request for order 5630 is complete because duplicate order; refund status is processed.,False
266,payment_status,"{""order_id"": ""7744"", ""payment_status"": ""successful"", ""amount"": ""₹799"", ""transaction_id"": ""TXN77881"", ""date"": ""1 May""}",intent=payment_status order_id=7744 payment_status=successful amount=₹799 transaction_id=TXN77881 date=1 May,Order 7744 has a successful payment of ₹799 and transaction id is TXN77881.,True
74,cancel_order,"{""order_id"": ""1234"", ""reason"": ""wrong size"", ""refund_status"": ""pending"", ""date"": ""3 May""}",intent=cancel_order order_id=1234 reason=wrong size refund_status=pending date=3 May,I have cancelled order 1234 because wrong size; refund status is pending.,False
182,delivery_delay,"{""order_id"": ""5630"", ""eta"": ""2 May"", ""carrier"": ""BlueDart"", ""compensation"": ""a refund adjustment may apply""}",intent=delivery_delay order_id=5630 eta=2 May carrier=BlueDart compensation=a refund adjustment may apply,Order 5630 is delayed and is now expected on 2 May; a refund adjustment may apply.,True
18,order_status,"{""order_id"": ""2481"", ""status"": ""confirmed"", ""carrier"": ""BlueDart""}",intent=order_status order_id=2481 status=confirmed carrier=BlueDart,Your order 2481 is confirmed.,True
25,order_status,"{""order_id"": ""1234"", ""status"": ""confirmed"", ""carrier"": ""BlueDart""}",intent=order_status order_id=1234 status=confirmed carrier=BlueDart,Order 1234 has been confirmed.,True
147,return_request,"{""order_id"": ""5630"", ""item"": ""wireless mouse and wireless mouse"", ""reason"": ""damaged item""}",intent=return_request order_id=5630 item=wireless mouse and wireless mouse reason=damaged item,I created a return request for wireless mouse and wireless mouse under order 5630 because damaged item.,True
263,payment_status,"{""order_id"": ""2481"", ""payment_status"": ""successful"", ""amount"": ""₹799"", ""method"": ""drop-off""}",intent=payment_status order_id=2481 payment_status=successful amount=₹799 method=drop-off,Order 2481 has a successful payment of ₹799 via drop-off.,True
280,refund_status,"{""refund_id"": ""RF1002"", ""order_id"": ""7744"", ""refund_status"": ""processed"", ""date"": ""2 May""}",intent=refund_status refund_id=RF1002 order_id=7744 refund_status=processed date=2 May,The refund status for order 7744 is processed on 2 May.,True
225,payment_status,"{""order_id"": ""5630"", ""payment_status"": ""reversed"", ""amount"": ""₹1,249"", ""transaction_id"": ""TXN55521""}","intent=payment_status order_id=5630 payment_status=reversed amount=₹1,249 transaction_id=TXN55521","Payment for order 5630 is reversed for ₹1,249 and transaction id is TXN55521.",True
240,payment_status,"{""order_id"": ""1234"", ""payment_status"": ""reversed"", ""amount"": ""₹499""}",intent=payment_status order_id=1234 payment_status=reversed amount=₹499,The payment status of order 1234 is reversed for ₹499.,True
229,payment_status,"{""order_id"": ""2481"", ""payment_status"": ""failed"", ""amount"": ""₹499"", ""transaction_id"": ""TXN12345"", ""date"": ""3 May""}",intent=payment_status order_id=2481 payment_status=failed amount=₹499 transaction_id=TXN12345 date=3 May,Order 2481 has a failed payment of ₹499 and transaction id is TXN12345.,True
322,refund_status,"{""refund_id"": ""RF1044"", ""order_id"": ""2481"", ""refund_status"": ""processed""}",intent=refund_status refund_id=RF1044 order_id=2481 refund_status=processed,Refund RF1044 for order 2481 is processed.,True
115,return_request,"{""order_id"": ""9812"", ""item"": ""phone case"", ""reason"": ""wrong size"", ""method"": ""drop-off"", ""return_id"": ""RET2035""}",intent=return_request order_id=9812 item=phone case reason=wrong size method=drop-off return_id=RET2035,I created a return request for phone case under order 9812 because wrong size via drop-off.,True
85,cancel_order,"{""order_id"": ""7744"", ""reason"": ""duplicate order"", ""refund_status"": ""completed"", ""date"": ""3 May""}",intent=cancel_order order_id=7744 reason=duplicate order refund_status=completed date=3 May,I have cancelled order 7744 because duplicate order; refund status is completed.,False
211,delivery_delay,"{""order_id"": ""7744"", ""eta"": ""tomorrow evening"", ""cause"": ""carrier issue"", ""compensation"": ""a refund adjustment may apply""}",intent=delivery_delay order_id=7744 eta=tomorrow evening cause=carrier issue compensation=a refund adjustment may apply,Order 7744 is delayed and is now expected on tomorrow evening because of carrier issue; a refund adjustment may apply.,True
247,payment_status,"{""order_id"": ""7744"", ""payment_status"": ""reversed"", ""amount"": ""₹499"", ""method"": ""mail-in"", ""transaction_id"": ""TXN55521"", ""date"": ""today""}",intent=payment_status order_id=7744 payment_status=reversed amount=₹499 method=mail-in transaction_id=TXN55521 date=today,Order 7744 has a reversed payment of ₹499 via mail-in and transaction id is TXN55521.,False
32,order_status,"{""order_id"": ""2481"", ""status"": ""delivered"", ""date"": ""1 May"", ""tracking_id"": ""TRK9999""}",intent=order_status order_id=2481 status=delivered date=1 May tracking_id=TRK9999,Order 2481 has been delivered on 1 May.,True
219,payment_status,"{""order_id"": ""5630"", ""payment_status"": ""pending"", ""amount"": ""₹799"", ""transaction_id"": ""TXN77881"", ""date"": ""today""}",intent=payment_status order_id=5630 payment_status=pending amount=₹799 transaction_id=TXN77881 date=today,Order 5630 has a pending payment of ₹799 and transaction id is TXN77881.,True
186,delivery_delay,"{""order_id"": ""5630"", ""eta"": ""tomorrow"", ""compensation"": ""a refund adjustment may apply""}",intent=delivery_delay order_id=5630 eta=tomorrow compensation=a refund adjustment may apply,The delivery for order 5630 has been delayed until tomorrow; a refund adjustment may apply.,True
311,refund_status,"{""refund_id"": ""RF1010"", ""order_id"": ""1234"", ""refund_status"": ""processed"", ""date"": ""2 May"", ""method"": ""drop-off""}",intent=refund_status refund_id=RF1010 order_id=1234 refund_status=processed date=2 May method=drop-off,Refund RF1010 for order 1234 is processed on 2 May.,True
223,payment_status,"{""order_id"": ""2481"", ""payment_status"": ""failed"", ""amount"": ""₹2,999"", ""method"": ""mail-in"", ""transaction_id"": ""TXN55521"", ""date"": ""3 May""}","intent=payment_status order_id=2481 payment_status=failed amount=₹2,999 method=mail-in transaction_id=TXN55521 date=3 May","Order 2481 has a failed payment of ₹2,999 via mail-in and transaction id is TXN55521.",False
270,payment_status,"{""order_id"": ""5630"", ""payment_status"": ""failed"", ""amount"": ""₹799""}",intent=payment_status order_id=5630 payment_status=failed amount=₹799,The payment status of order 5630 is failed for ₹799.,True
141,return_request,"{""order_id"": ""9812"", ""item"": ""phone case"", ""reason"": ""change of mind"", ""method"": ""pickup"", ""pickup_date"": ""3 May""}",intent=return_request order_id=9812 item=phone case reason=change of mind method=pickup pickup_date=3 May,Your return request for phone case from order 9812 is confirmed because change of mind via pickup; pickup is scheduled for 3 May.,True
60,cancel_order,"{""order_id"": ""9812"", ""reason"": ""late delivery"", ""refund_status"": ""completed"", ""date"": ""today""}",intent=cancel_order order_id=9812 reason=late delivery refund_status=completed date=today,Order 9812 has been cancelled because late delivery; refund status is completed.,False
317,refund_status,"{""refund_id"": ""RF1001"", ""order_id"": ""5630"", ""refund_status"": ""approved"", ""date"": ""1 May""}",intent=refund_status refund_id=RF1001 order_id=5630 refund_status=approved date=1 May,Refund RF1001 has been marked as approved for order 5630 on 1 May.,True
7,order_status,"{""order_id"": ""5630"", ""status"": ""confirmed"", ""date"": ""1 May"", ""tracking_id"": ""TRK2033""}",intent=order_status order_id=5630 status=confirmed date=1 May tracking_id=TRK2033,Order 5630 has been confirmed on 1 May.,True
200,delivery_delay,"{""order_id"": ""1234"", ""eta"": ""tomorrow evening"", ""cause"": ""logistics delay"", ""compensation"": ""a refund adjustment may apply""}",intent=delivery_delay order_id=1234 eta=tomorrow evening cause=logistics delay compensation=a refund adjustment may apply,Order 1234 is delayed and is now expected on tomorrow evening because of logistics delay; a refund adjustment may apply.,True
31,order_status,"{""order_id"": ""1234"", ""status"": ""packed"", ""tracking_id"": ""TRK2033""}",intent=order_status order_id=1234 status=packed tracking_id=TRK2033,The status of order 1234 is packed.,True
23,order_status,"{""order_id"": ""9812"", ""status"": ""packed"", ""carrier"": ""Delhivery"", ""tracking_id"": ""TRK9999""}",intent=order_status order_id=9812 status=packed carrier=Delhivery tracking_id=TRK9999,Your order 9812 is packed.,True
276,refund_status,"{""refund_id"": ""RF1001"", ""order_id"": ""7744"", ""refund_status"": ""completed""}",intent=refund_status refund_id=RF1001 order_id=7744 refund_status=completed,The refund status for order 7744 is completed.,True
249,payment_status,"{""order_id"": ""7744"", ""payment_status"": ""successful"", ""amount"": ""₹2,999"", ""transaction_id"": ""TXN90812"", ""date"": ""1 May""}","intent=payment_status order_id=7744 payment_status=successful amount=₹2,999 transaction_id=TXN90812 date=1 May","Payment for order 7744 is successful for ₹2,999 and transaction id is TXN90812.",True
57,cancel_order,"{""order_id"": ""2481"", ""reason"": ""change of mind"", ""refund_status"": ""pending"", ""date"": ""2 May""}",intent=cancel_order order_id=2481 reason=change of mind refund_status=pending date=2 May,The cancellation request for order 2481 is complete because change of mind; refund status is pending.,False
169,delivery_delay,"{""order_id"": ""9812"", ""eta"": ""5 May"", ""cause"": ""weather disruption"", ""compensation"": ""a coupon has been issued""}",intent=delivery_delay order_id=9812 eta=5 May cause=weather disruption compensation=a coupon has been issued,Your order 9812 will arrive by 5 May because of weather disruption; a coupon has been issued.,True
199,delivery_delay,"{""order_id"": ""7744"", ""eta"": ""7 May"", ""compensation"": ""a coupon has been issued""}",intent=delivery_delay order_id=7744 eta=7 May compensation=a coupon has been issued,Your order 7744 will arrive by 7 May; a coupon has been issued.,True
262,payment_status,"{""order_id"": ""2481"", ""payment_status"": ""reversed"", ""amount"": ""₹2,999"", ""date"": ""1 May""}","intent=payment_status order_id=2481 payment_status=reversed amount=₹2,999 date=1 May","Payment for order 2481 is reversed for ₹2,999.",True
82,cancel_order,"{""order_id"": ""5630"", ""reason"": ""duplicate order"", ""date"": ""1 May""}",intent=cancel_order order_id=5630 reason=duplicate order date=1 May,I have cancelled order 5630 because duplicate order.,True
149,return_request,"{""order_id"": ""9812"", ""item"": ""wireless mouse"", ""reason"": ""change of mind"", ""pickup_date"": ""tomorrow"", ""return_id"": ""RET2011""}",intent=return_request order_id=9812 item=wireless mouse reason=change of mind pickup_date=tomorrow return_id=RET2011,I created a return request for wireless mouse under order 9812 because change of mind; pickup is scheduled for tomorrow.,True
40,order_status,"{""order_id"": ""7744"", ""status"": ""delivered"", ""tracking_id"": ""TRK1001""}",intent=order_status order_id=7744 status=delivered tracking_id=TRK1001,Order 7744 has been delivered.,True
224,payment_status,"{""order_id"": ""7744"", ""payment_status"": ""reversed"", ""amount"": ""₹2,999"", ""method"": ""pickup""}","intent=payment_status order_id=7744 payment_status=reversed amount=₹2,999 method=pickup","The payment status of order 7744 is reversed for ₹2,999 via pickup.",True
307,refund_status,"{""refund_id"": ""RF1002"", ""order_id"": ""7744"", ""refund_status"": ""pending"", ""method"": ""pickup""}",intent=refund_status refund_id=RF1002 order_id=7744 refund_status=pending method=pickup,The refund status for order 7744 is pending.,True
185,delivery_delay,"{""order_id"": ""9812"", ""eta"": ""tomorrow evening"", ""cause"": ""carrier issue"", ""compensation"": ""a coupon has been issued""}",intent=delivery_delay order_id=9812 eta=tomorrow evening cause=carrier issue compensation=a coupon has been issued,Order 9812 is delayed and is now expected on tomorrow evening because of carrier issue; a coupon has been issued.,True
154,return_request,"{""order_id"": ""7744"", ""item"": ""running shoes"", ""reason"": ""late delivery"", ""method"": ""drop-off""}",intent=return_request order_id=7744 item=running shoes reason=late delivery method=drop-off,I created a return request for running shoes under order 7744 because late delivery via drop-off.,True
114,return_request,"{""order_id"": ""7744"", ""item"": ""running shoes"", ""reason"": ""late delivery"", ""pickup_date"": ""5 May"", ""return_id"": ""RET2011""}",intent=return_request order_id=7744 item=running shoes reason=late delivery pickup_date=5 May return_id=RET2011,A return has been created for running shoes in order 7744 because late delivery; pickup is scheduled for 5 May.,True
111,return_request,"{""order_id"": ""2481"", ""item"": ""wireless mouse"", ""reason"": ""late delivery"", ""method"": ""mail-in"", ""pickup_date"": ""5 May"", ""return_id"": ""RET2011""}",intent=return_request order_id=2481 item=wireless mouse reason=late delivery method=mail-in pickup_date=5 May return_id=RET2011,Your return request for wireless mouse from order 2481 is confirmed because late delivery via mail-in; pickup is scheduled for 5 May.,False
67,cancel_order,"{""order_id"": ""7744"", ""reason"": ""damaged item"", ""refund_status"": ""completed"", ""date"": ""today""}",intent=cancel_order order_id=7744 reason=damaged item refund_status=completed date=today,The cancellation request for order 7744 is complete because damaged item; refund status is completed.,False
228,payment_status,"{""order_id"": ""9812"", ""payment_status"": ""successful"", ""amount"": ""₹499"", ""method"": ""pickup"", ""date"": ""1 May""}",intent=payment_status order_id=9812 payment_status=successful amount=₹499 method=pickup date=1 May,The payment status of order 9812 is successful for ₹499 via pickup.,True
19,order_status,"{""order_id"": ""9812"", ""status"": ""packed"", ""carrier"": ""Delhivery""}",intent=order_status order_id=9812 status=packed carrier=Delhivery,Order 9812 has been packed.,True
257,payment_status,"{""order_id"": ""7744"", ""payment_status"": ""successful"", ""amount"": ""₹799 / ₹799""}",intent=payment_status order_id=7744 payment_status=successful amount=₹799 / ₹799,Payment for order 7744 is successful for ₹799 / ₹799.,True
119,return_request,"{""order_id"": ""1234"", ""item"": ""coffee maker and coffee maker"", ""reason"": ""late delivery""}",intent=return_request order_id=1234 item=coffee maker and coffee maker reason=late delivery,Your return request for coffee maker and coffee maker from order 1234 is confirmed because late delivery.,True
20,order_status,"{""order_id"": ""2481"", ""status"": ""delivered"", ""date"": ""2 May"", ""carrier"": ""DHL"", ""tracking_id"": ""TRK9999""}",intent=order_status order_id=2481 status=delivered date=2 May carrier=DHL tracking_id=TRK9999,The status of order 2481 is delivered on 2 May.,False
292,refund_status,"{""refund_id"": ""RF1002"", ""order_id"": ""1234"", ""refund_status"": ""pending"", ""amount"": ""₹1,249""}","intent=refund_status refund_id=RF1002 order_id=1234 refund_status=pending amount=₹1,249","Refund RF1002 for order 1234 is pending for ₹1,249.",True
93,cancel_order,"{""order_id"": ""2481"", ""reason"": ""wrong size"", ""refund_status"": ""processed""}",intent=cancel_order order_id=2481 reason=wrong size refund_status=processed,The cancellation request for order 2481 is complete because wrong size; refund status is processed.,True
80,cancel_order,"{""order_id"": ""1234"", ""reason"": ""damaged item"", ""refund_status"": ""approved"", ""date"": ""today""}",intent=cancel_order order_id=1234 reason=damaged item refund_status=approved date=today,I have cancelled order 1234 because damaged item; refund status is approved.,False
238,payment_status,"{""order_id"": ""9812"", ""payment_status"": ""reversed"", ""amount"": ""₹499"", ""method"": ""mail-in"", ""date"": ""today""}",intent=payment_status order_id=9812 payment_status=reversed amount=₹499 method=mail-in date=today,Payment for order 9812 is reversed for ₹499 via mail-in.,True
156,return_request,"{""order_id"": ""5630"", ""item"": ""blue shirt"", ""reason"": ""change of mind"", ""method"": ""pickup"", ""pickup_date"": ""3 May"", ""return_id"": ""RET2011""}",intent=return_request order_id=5630 item=blue shirt reason=change of mind method=pickup pickup_date=3 May return_id=RET2011,I created a return request for blue shirt under order 5630 because change of mind via pickup; pickup is scheduled for 3 May.,False
73,cancel_order,"{""order_id"": ""9812"", ""reason"": ""wrong size"", ""refund_status"": ""processed"", ""date"": ""2 May""}",intent=cancel_order order_id=9812 reason=wrong size refund_status=processed date=2 May,The cancellation request for order 9812 is complete because wrong size; refund status is processed.,False
97,cancel_order,"{""order_id"": ""1234"", ""reason"": ""wrong size"", ""date"": ""today""}",intent=cancel_order order_id=1234 reason=wrong size date=today,Order 1234 has been cancelled because wrong size.,True
16,order_status,"{""order_id"": ""5630"", ""status"": ""delivered"", ""date"": ""1 May"", ""carrier"": ""FedEx"", ""tracking_id"": ""TRK9999""}",intent=order_status order_id=5630 status=delivered date=1 May carrier=FedEx tracking_id=TRK9999,Your order 5630 is delivered on 1 May.,False
112,return_request,"{""order_id"": ""7744"", ""item"": ""blue shirt"", ""reason"": ""late delivery"", ""method"": ""drop-off"", ""return_id"": ""RET2035""}",intent=return_request order_id=7744 item=blue shirt reason=late delivery method=drop-off return_id=RET2035,Your return request for blue shirt from order 7744 is confirmed because late delivery via drop-off.,True
11,order_status,"{""order_id"": ""7744"", ""status"": ""out for delivery"", ""date"": ""today""}",intent=order_status order_id=7744 status=out for delivery date=today,The status of order 7744 is out for delivery on today.,True
184,delivery_delay,"{""order_id"": ""1234"", ""eta"": ""tomorrow evening"", ""compensation"": ""a coupon has been issued""}",intent=delivery_delay order_id=1234 eta=tomorrow evening compensation=a coupon has been issued,The delivery for order 1234 has been delayed until tomorrow evening; a coupon has been issued.,True
70,cancel_order,"{""order_id"": ""7744"", ""reason"": ""damaged item""}",intent=cancel_order order_id=7744 reason=damaged item,The cancellation request for order 7744 is complete because damaged item.,True
98,cancel_order,"{""order_id"": ""5630"", ""reason"": ""damaged item"", ""refund_status"": ""completed""}",intent=cancel_order order_id=5630 reason=damaged item refund_status=completed,I have cancelled order 5630 because damaged item; refund status is completed.,True
164,delivery_delay,"{""order_id"": ""9812"", ""eta"": ""5 May"", ""carrier"": ""Delhivery"", ""compensation"": ""you are eligible for free shipping next time""}",intent=delivery_delay order_id=9812 eta=5 May carrier=Delhivery compensation=you are eligible for free shipping next time,Your order 9812 will arrive by 5 May; you are eligible for free shipping next time.,True
69,cancel_order,"{""order_id"": ""2481"", ""reason"": ""change of mind""}",intent=cancel_order order_id=2481 reason=change of mind,I have cancelled order 2481 because change of mind.,True
24,order_status,"{""order_id"": ""7744"", ""status"": ""out for delivery""}",intent=order_status order_id=7744 status=out for delivery,Order 7744 has been out for delivery.,True
38,order_status,"{""order_id"": ""9812"", ""status"": ""out for delivery"", ""carrier"": ""BlueDart""}",intent=order_status order_id=9812 status=out for delivery carrier=BlueDart,Order 9812 has been out for delivery.,True
234,payment_status,"{""order_id"": ""1234"", ""payment_status"": ""pending"", ""amount"": ""₹799"", ""date"": ""3 May""}",intent=payment_status order_id=1234 payment_status=pending amount=₹799 date=3 May,The payment status of order 1234 is pending for ₹799.,True
68,cancel_order,"{""order_id"": ""9812"", ""reason"": ""change of mind"", ""refund_status"": ""pending""}",intent=cancel_order order_id=9812 reason=change of mind refund_status=pending,I have cancelled order 9812 because change of mind; refund status is pending.,True
272,refund_status,"{""refund_id"": ""RF1044"", ""order_id"": ""5630"", ""refund_status"": ""completed"", ""date"": ""2 May""}",intent=refund_status refund_id=RF1044 order_id=5630 refund_status=completed date=2 May,Refund RF1044 has been marked as completed for order 5630 on 2 May.,True
140,return_request,"{""order_id"": ""1234"", ""item"": ""blue shirt"", ""reason"": ""damaged item"", ""method"": ""mail-in"", ""pickup_date"": ""next Monday""}",intent=return_request order_id=1234 item=blue shirt reason=damaged item method=mail-in pickup_date=next Monday,I created a return request for blue shirt under order 1234 because damaged item via mail-in; pickup is scheduled for next Monday.,True
126,return_request,"{""order_id"": ""2481"", ""item"": ""wireless mouse"", ""reason"": ""change of mind"", ""return_id"": ""RET2035""}",intent=return_request order_id=2481 item=wireless mouse reason=change of mind return_id=RET2035,Your return request for wireless mouse from order 2481 is confirmed because change of mind.,True
168,delivery_delay,"{""order_id"": ""9812"", ""eta"": ""7 May"", ""cause"": ""weather disruption"", ""carrier"": ""Delhivery"", ""compensation"": ""a coupon has been issued""}",intent=delivery_delay order_id=9812 eta=7 May cause=weather disruption carrier=Delhivery compensation=a coupon has been issued,Your order 9812 will arrive by 7 May because of weather disruption; a coupon has been issued.,False
87,cancel_order,"{""order_id"": ""9812"", ""reason"": ""wrong size"", ""date"": ""3 May""}",intent=cancel_order order_id=9812 reason=wrong size date=3 May,The cancellation request for order 9812 is complete because wrong size.,True
287,refund_status,"{""refund_id"": ""RF1010"", ""order_id"": ""9812"", ""refund_status"": ""completed"", ""amount"": ""₹499"", ""method"": ""mail-in""}",intent=refund_status refund_id=RF1010 order_id=9812 refund_status=completed amount=₹499 method=mail-in,Refund RF1010 has been marked as completed for order 9812 for ₹499.,True
148,return_request,"{""order_id"": ""9812"", ""item"": ""blue shirt"", ""reason"": ""late delivery""}",intent=return_request order_id=9812 item=blue shirt reason=late delivery,I created a return request for blue shirt under order 9812 because late delivery.,True
275,refund_status,"{""refund_id"": ""RF1002"", ""order_id"": ""9812"", ""refund_status"": ""approved"", ""amount"": ""₹499"", ""date"": ""today"", ""method"": ""pickup""}",intent=refund_status refund_id=RF1002 order_id=9812 refund_status=approved amount=₹499 date=today method=pickup,The refund status for order 9812 is approved for ₹499 on today.,False
144,return_request,"{""order_id"": ""9812"", ""item"": ""coffee maker"", ""reason"": ""change of mind"", ""return_id"": ""RET2035""}",intent=return_request order_id=9812 item=coffee maker reason=change of mind return_id=RET2035,Your return request for coffee maker from order 9812 is confirmed because change of mind.,True
239,payment_status,"{""order_id"": ""7744"", ""payment_status"": ""failed"", ""amount"": ""₹499"", ""method"": ""mail-in""}",intent=payment_status order_id=7744 payment_status=failed amount=₹499 method=mail-in,Payment for order 7744 is failed for ₹499 via mail-in.,True
146,return_request,"{""order_id"": ""9812"", ""item"": ""blue shirt"", ""reason"": ""late delivery"", ""method"": ""mail-in"", ""pickup_date"": ""tomorrow"", ""return_id"": ""RET2035""}",intent=return_request order_id=9812 item=blue shirt reason=late delivery method=mail-in pickup_date=tomorrow return_id=RET2035,A return has been created for blue shirt in order 9812 because late delivery via mail-in; pickup is scheduled for tomorrow.,False
212,delivery_delay,"{""order_id"": ""2481"", ""eta"": ""7 May"", ""compensation"": ""a refund adjustment may apply""}",intent=delivery_delay order_id=2481 eta=7 May compensation=a refund adjustment may apply,The delivery for order 2481 has been delayed until 7 May; a refund adjustment may apply.,True
153,return_request,"{""order_id"": ""9812"", ""item"": ""coffee maker"", ""reason"": ""change of mind"", ""pickup_date"": ""5 May""}",intent=return_request order_id=9812 item=coffee maker reason=change of mind pickup_date=5 May,I created a return request for coffee maker under order 9812 because change of mind; pickup is scheduled for 5 May.,True
209,delivery_delay,"{""order_id"": ""5630"", ""eta"": ""tomorrow evening""}",intent=delivery_delay order_id=5630 eta=tomorrow evening,Your order 5630 will arrive by tomorrow evening.,True
130,return_request,"{""order_id"": ""5630"", ""item"": ""wireless mouse"", ""reason"": ""wrong size"", ""method"": ""mail-in"", ""pickup_date"": ""next Monday"", ""return_id"": ""RET2001""}",intent=return_request order_id=5630 item=wireless mouse reason=wrong size method=mail-in pickup_date=next Monday return_id=RET2001,Your return request for wireless mouse from order 5630 is confirmed because wrong size via mail-in; pickup is scheduled for next Monday.,False
39,order_status,"{""order_id"": ""1234"", ""status"": ""confirmed"", ""tracking_id"": ""TRK1001""}",intent=order_status order_id=1234 status=confirmed tracking_id=TRK1001,The status of order 1234 is confirmed.,True
226,payment_status,"{""order_id"": ""1234"", ""payment_status"": ""successful"", ""amount"": ""₹1,249"", ""date"": ""1 May""}","intent=payment_status order_id=1234 payment_status=successful amount=₹1,249 date=1 May","Order 1234 has a successful payment of ₹1,249.",True
195,delivery_delay,"{""order_id"": ""5630"", ""eta"": ""tomorrow evening""}",intent=delivery_delay order_id=5630 eta=tomorrow evening,Your order 5630 will arrive by tomorrow evening.,True
159,return_request,"{""order_id"": ""9812"", ""item"": ""wireless mouse and running shoes"", ""reason"": ""damaged item"", ""method"": ""drop-off"", ""pickup_date"": ""tomorrow""}",intent=return_request order_id=9812 item=wireless mouse and running shoes reason=damaged item method=drop-off pickup_date=tomorrow,I created a return request for wireless mouse and running shoes under order 9812 because damaged item via drop-off; pickup is scheduled for tomorrow.,True
113,return_request,"{""order_id"": ""7744"", ""item"": ""coffee maker"", ""reason"": ""duplicate order"", ""return_id"": ""RET2035""}",intent=return_request order_id=7744 item=coffee maker reason=duplicate order return_id=RET2035,A return has been created for coffee maker in order 7744 because duplicate order.,True
194,delivery_delay,"{""order_id"": ""2481"", ""eta"": ""tomorrow evening"", ""cause"": ""weather disruption""}",intent=delivery_delay order_id=2481 eta=tomorrow evening cause=weather disruption,Your order 2481 will arrive by tomorrow evening because of weather disruption.,True
118,return_request,"{""order_id"": ""7744"", ""item"": ""coffee maker"", ""reason"": ""late delivery"", ""method"": ""pickup"", ""pickup_date"": ""3 May"", ""return_id"": ""RET2011""}",intent=return_request order_id=7744 item=coffee maker reason=late delivery method=pickup pickup_date=3 May return_id=RET2011,Your return request for coffee maker from order 7744 is confirmed because late delivery via pickup; pickup is scheduled for 3 May.,False
300,refund_status,"{""refund_id"": ""RF1044"", ""order_id"": ""9812"", ""refund_status"": ""processed"", ""amount"": ""₹2,999"", ""date"": ""today""}","intent=refund_status refund_id=RF1044 order_id=9812 refund_status=processed amount=₹2,999 date=today","Refund RF1044 for order 9812 is processed for ₹2,999 on today.",True
313,refund_status,"{""refund_id"": ""RF1002"", ""order_id"": ""7744"", ""refund_status"": ""completed"", ""date"": ""today"", ""method"": ""pickup""}",intent=refund_status refund_id=RF1002 order_id=7744 refund_status=completed date=today method=pickup,Refund RF1002 for order 7744 is completed on today.,True
308,refund_status,"{""refund_id"": ""RF1002"", ""order_id"": ""7744"", ""refund_status"": ""approved"", ""amount"": ""₹1,249"", ""method"": ""mail-in""}","intent=refund_status refund_id=RF1002 order_id=7744 refund_status=approved amount=₹1,249 method=mail-in","The refund status for order 7744 is approved for ₹1,249.",True
198,delivery_delay,"{""order_id"": ""9812"", ""eta"": ""7 May"", ""compensation"": ""a coupon has been issued""}",intent=delivery_delay order_id=9812 eta=7 May compensation=a coupon has been issued,Your order 9812 will arrive by 7 May; a coupon has been issued.,True
203,delivery_delay,"{""order_id"": ""2481"", ""eta"": ""tomorrow"", ""cause"": ""weather disruption"", ""carrier"": ""Delhivery"", ""compensation"": ""a refund adjustment may apply""}",intent=delivery_delay order_id=2481 eta=tomorrow cause=weather disruption carrier=Delhivery compensation=a refund adjustment may apply,Your order 2481 will arrive by tomorrow because of weather disruption; a refund adjustment may apply.,False
155,return_request,"{""order_id"": ""7744"", ""item"": ""coffee maker and coffee maker"", ""reason"": ""change of mind""}",intent=return_request order_id=7744 item=coffee maker and coffee maker reason=change of mind,A return has been created for coffee maker and coffee maker in order 7744 because change of mind.,True
205,delivery_delay,"{""order_id"": ""5630"", ""eta"": ""5 May"", ""cause"": ""carrier issue"", ""carrier"": ""BlueDart"", ""compensation"": ""a refund adjustment may apply""}",intent=delivery_delay order_id=5630 eta=5 May cause=carrier issue carrier=BlueDart compensation=a refund adjustment may apply,Your order 5630 will arrive by 5 May because of carrier issue; a refund adjustment may apply.,False
3,order_status,"{""order_id"": ""9812"", ""status"": ""packed"", ""date"": ""today"", ""tracking_id"": ""TRK1001""}",intent=order_status order_id=9812 status=packed date=today tracking_id=TRK1001,Your order 9812 is packed on today.,True
116,return_request,"{""order_id"": ""2481"", ""item"": ""blue shirt and phone case"", ""reason"": ""change of mind"", ""return_id"": ""RET2011""}",intent=return_request order_id=2481 item=blue shirt and phone case reason=change of mind return_id=RET2011,I created a return request for blue shirt and phone case under order 2481 because change of mind.,True
288,refund_status,"{""refund_id"": ""RF1010"", ""order_id"": ""9812"", ""refund_status"": ""pending"", ""amount"": ""₹2,999""}","intent=refund_status refund_id=RF1010 order_id=9812 refund_status=pending amount=₹2,999","Refund RF1010 has been marked as pending for order 9812 for ₹2,999.",True
204,delivery_delay,"{""order_id"": ""9812"", ""eta"": ""7 May"", ""carrier"": ""BlueDart""}",intent=delivery_delay order_id=9812 eta=7 May carrier=BlueDart,Your order 9812 will arrive by 7 May.,True
121,return_request,"{""order_id"": ""7744"", ""item"": ""running shoes"", ""reason"": ""wrong size""}",intent=return_request order_id=7744 item=running shoes reason=wrong size,I created a return request for running shoes under order 7744 because wrong size.,True
245,payment_status,"{""order_id"": ""2481"", ""payment_status"": ""pending"", ""amount"": ""₹1,249"", ""method"": ""drop-off"", ""date"": ""3 May""}","intent=payment_status order_id=2481 payment_status=pending amount=₹1,249 method=drop-off date=3 May","The payment status of order 2481 is pending for ₹1,249 via drop-off.",True
281,refund_status,"{""refund_id"": ""RF1044"", ""order_id"": ""1234"", ""refund_status"": ""pending"", ""amount"": ""₹1,249""}","intent=refund_status refund_id=RF1044 order_id=1234 refund_status=pending amount=₹1,249","Refund RF1044 has been marked as pending for order 1234 for ₹1,249.",True
128,return_request,"{""order_id"": ""5630"", ""item"": ""coffee maker"", ""reason"": ""change of mind"", ""method"": ""pickup"", ""return_id"": ""RET2035""}",intent=return_request order_id=5630 item=coffee maker reason=change of mind method=pickup return_id=RET2035,I created a return request for coffee maker under order 5630 because change of mind via pickup.,True
75,cancel_order,"{""order_id"": ""7744"", ""reason"": ""wrong size"", ""date"": ""2 May""}",intent=cancel_order order_id=7744 reason=wrong size date=2 May,I have cancelled order 7744 because wrong size.,True
30,order_status,"{""order_id"": ""9812"", ""status"": ""confirmed"", ""date"": ""1 May"", ""tracking_id"": ""TRK9999""}",intent=order_status order_id=9812 status=confirmed date=1 May tracking_id=TRK9999,The status of order 9812 is confirmed on 1 May.,True
84,cancel_order,"{""order_id"": ""1234"", ""reason"": ""damaged item"", ""date"": ""3 May""}",intent=cancel_order order_id=1234 reason=damaged item date=3 May,I have cancelled order 1234 because damaged item.,True
269,payment_status,"{""order_id"": ""5630"", ""payment_status"": ""reversed"", ""amount"": ""₹799"", ""method"": ""mail-in"", ""transaction_id"": ""TXN77881"", ""date"": ""2 May""}",intent=payment_status order_id=5630 payment_status=reversed amount=₹799 method=mail-in transaction_id=TXN77881 date=2 May,The payment status of order 5630 is reversed for ₹799 via mail-in and transaction id is TXN77881.,False
108,cancel_order,"{""order_id"": ""5630"", ""reason"": ""damaged item"", ""date"": ""1 May""}",intent=cancel_order order_id=5630 reason=damaged item date=1 May,The cancellation request for order 5630 is complete because damaged item.,True
177,delivery_delay,"{""order_id"": ""1234"", ""eta"": ""2 May"", ""carrier"": ""DHL""}",intent=delivery_delay order_id=1234 eta=2 May carrier=DHL,The delivery for order 1234 has been delayed until 2 May.,True
183,delivery_delay,"{""order_id"": ""1234"", ""eta"": ""tomorrow"", ""cause"": ""high demand"", ""carrier"": ""DHL"", ""compensation"": ""you are eligible for free shipping next time""}",intent=delivery_delay order_id=1234 eta=tomorrow cause=high demand carrier=DHL compensation=you are eligible for free shipping next time,Order 1234 is delayed and is now expected on tomorrow because of high demand; you are eligible for free shipping next time.,False
134,return_request,"{""order_id"": ""5630"", ""item"": ""wireless mouse"", ""reason"": ""late delivery"", ""pickup_date"": ""5 May""}",intent=return_request order_id=5630 item=wireless mouse reason=late delivery pickup_date=5 May,A return has been created for wireless mouse in order 5630 because late delivery; pickup is scheduled for 5 May.,True
221,payment_status,"{""order_id"": ""2481"", ""payment_status"": ""reversed"", ""amount"": ""₹799"", ""method"": ""mail-in"", ""transaction_id"": ""TXN77881"", ""date"": ""3 May""}",intent=payment_status order_id=2481 payment_status=reversed amount=₹799 method=mail-in transaction_id=TXN77881 date=3 May,The payment status of order 2481 is reversed for ₹799 via mail-in and transaction id is TXN77881.,False
251,payment_status,"{""order_id"": ""2481"", ""payment_status"": ""pending"", ""amount"": ""₹799"", ""method"": ""mail-in"", ""transaction_id"": ""TXN77881""}",intent=payment_status order_id=2481 payment_status=pending amount=₹799 method=mail-in transaction_id=TXN77881,The payment status of order 2481 is pending for ₹799 via mail-in and transaction id is TXN77881.,True
299,refund_status,"{""refund_id"": ""RF1010"", ""order_id"": ""2481"", ""refund_status"": ""completed"", ""amount"": ""₹2,999"", ""date"": ""today"", ""method"": ""mail-in""}","intent=refund_status refund_id=RF1010 order_id=2481 refund_status=completed amount=₹2,999 date=today method=mail-in","Refund RF1010 for order 2481 is completed for ₹2,999 on today.",False
66,cancel_order,"{""order_id"": ""9812"", ""reason"": ""duplicate order"", ""refund_status"": ""approved"", ""date"": ""3 May""}",intent=cancel_order order_id=9812 reason=duplicate order refund_status=approved date=3 May,Order 9812 has been cancelled because duplicate order; refund status is approved.,False
230,payment_status,"{""order_id"": ""9812"", ""payment_status"": ""reversed"", ""amount"": ""₹1,249"", ""method"": ""drop-off"", ""date"": ""3 May""}","intent=payment_status order_id=9812 payment_status=reversed amount=₹1,249 method=drop-off date=3 May","The payment status of order 9812 is reversed for ₹1,249 via drop-off.",True
86,cancel_order,"{""order_id"": ""5630"", ""reason"": ""damaged item""}",intent=cancel_order order_id=5630 reason=damaged item,Order 5630 has been cancelled because damaged item.,True
248,payment_status,"{""order_id"": ""7744"", ""payment_status"": ""successful"", ""amount"": ""₹1,249"", ""transaction_id"": ""TXN90812"", ""date"": ""today""}","intent=payment_status order_id=7744 payment_status=successful amount=₹1,249 transaction_id=TXN90812 date=today","Payment for order 7744 is successful for ₹1,249 and transaction id is TXN90812.",True
160,return_request,"{""order_id"": ""9812"", ""item"": ""phone case"", ""reason"": ""late delivery"", ""method"": ""mail-in"", ""pickup_date"": ""5 May"", ""return_id"": ""RET2035""}",intent=return_request order_id=9812 item=phone case reason=late delivery method=mail-in pickup_date=5 May return_id=RET2035,Your return request for phone case from order 9812 is confirmed because late delivery via mail-in; pickup is scheduled for 5 May.,False
13,order_status,"{""order_id"": ""7744"", ""status"": ""confirmed"", ""date"": ""1 May""}",intent=order_status order_id=7744 status=confirmed date=1 May,The status of order 7744 is confirmed on 1 May.,True
36,order_status,"{""order_id"": ""9812"", ""status"": ""confirmed"", ""date"": ""3 May"", ""carrier"": ""BlueDart"", ""tracking_id"": ""TRK1001""}",intent=order_status order_id=9812 status=confirmed date=3 May carrier=BlueDart tracking_id=TRK1001,Your order 9812 is confirmed on 3 May.,False
29,order_status,"{""order_id"": ""5630"", ""status"": ""out for delivery"", ""date"": ""today""}",intent=order_status order_id=5630 status=out for delivery date=today,The status of order 5630 is out for delivery on today.,True
171,delivery_delay,"{""order_id"": ""5630"", ""eta"": ""7 May"", ""cause"": ""carrier issue"", ""carrier"": ""DHL"", ""compensation"": ""you are eligible for free shipping next time""}",intent=delivery_delay order_id=5630 eta=7 May cause=carrier issue carrier=DHL compensation=you are eligible for free shipping next time,Order 5630 is delayed and is now expected on 7 May because of carrier issue; you are eligible for free shipping next time.,False
143,return_request,"{""order_id"": ""1234"", ""item"": ""wireless mouse"", ""reason"": ""change of mind"", ""return_id"": ""RET2001""}",intent=return_request order_id=1234 item=wireless mouse reason=change of mind return_id=RET2001,I created a return request for wireless mouse under order 1234 because change of mind.,True
222,payment_status,"{""order_id"": ""5630"", ""payment_status"": ""successful"", ""amount"": ""₹799"", ""method"": ""drop-off"", ""transaction_id"": ""TXN55521"", ""date"": ""2 May""}",intent=payment_status order_id=5630 payment_status=successful amount=₹799 method=drop-off transaction_id=TXN55521 date=2 May,The payment status of order 5630 is successful for ₹799 via drop-off and transaction id is TXN55521.,False
132,return_request,"{""order_id"": ""5630"", ""item"": ""running shoes"", ""reason"": ""late delivery"", ""method"": ""mail-in""}",intent=return_request order_id=5630 item=running shoes reason=late delivery method=mail-in,Your return request for running shoes from order 5630 is confirmed because late delivery via mail-in.,True
196,delivery_delay,"{""order_id"": ""7744"", ""eta"": ""2 May"", ""cause"": ""logistics delay"", ""carrier"": ""BlueDart"", ""compensation"": ""you are eligible for free shipping next time""}",intent=delivery_delay order_id=7744 eta=2 May cause=logistics delay carrier=BlueDart compensation=you are eligible for free shipping next time,Order 7744 is delayed and is now expected on 2 May because of logistics delay; you are eligible for free shipping next time.,False
52,order_status,"{""order_id"": ""9812"", ""status"": ""delivered"", ""carrier"": ""BlueDart""}",intent=order_status order_id=9812 status=delivered carrier=BlueDart,The status of order 9812 is delivered.,True
96,cancel_order,"{""order_id"": ""1234"", ""reason"": ""wrong size"", ""refund_status"": ""processed"", ""date"": ""2 May""}",intent=cancel_order order_id=1234 reason=wrong size refund_status=processed date=2 May,The cancellation request for order 1234 is complete because wrong size; refund status is processed.,False
241,payment_status,"{""order_id"": ""5630"", ""payment_status"": ""reversed"", ""amount"": ""₹799"", ""method"": ""drop-off"", ""date"": ""2 May""}",intent=payment_status order_id=5630 payment_status=reversed amount=₹799 method=drop-off date=2 May,Payment for order 5630 is reversed for ₹799 via drop-off.,True
179,delivery_delay,"{""order_id"": ""9812"", ""eta"": ""7 May"", ""carrier"": ""Delhivery"", ""compensation"": ""you are eligible for free shipping next time""}",intent=delivery_delay order_id=9812 eta=7 May carrier=Delhivery compensation=you are eligible for free shipping next time,Your order 9812 will arrive by 7 May; you are eligible for free shipping next time.,True
256,payment_status,"{""order_id"": ""9812"", ""payment_status"": ""reversed"", ""amount"": ""₹1,249"", ""method"": ""mail-in"", ""transaction_id"": ""TXN12345"", ""date"": ""1 May""}","intent=payment_status order_id=9812 payment_status=reversed amount=₹1,249 method=mail-in transaction_id=TXN12345 date=1 May","Payment for order 9812 is reversed for ₹1,249 via mail-in and transaction id is TXN12345.",False
42,order_status,"{""order_id"": ""5630"", ""status"": ""packed"", ""date"": ""1 May"", ""tracking_id"": ""TRK2033""}",intent=order_status order_id=5630 status=packed date=1 May tracking_id=TRK2033,The status of order 5630 is packed on 1 May.,True
90,cancel_order,"{""order_id"": ""2481"", ""reason"": ""late delivery""}",intent=cancel_order order_id=2481 reason=late delivery,I have cancelled order 2481 because late delivery.,True
310,refund_status,"{""refund_id"": ""RF1044"", ""order_id"": ""5630"", ""refund_status"": ""completed""}",intent=refund_status refund_id=RF1044 order_id=5630 refund_status=completed,Refund RF1044 has been marked as completed for order 5630.,True
137,return_request,"{""order_id"": ""1234"", ""item"": ""blue shirt"", ""reason"": ""change of mind"", ""pickup_date"": ""next Monday""}",intent=return_request order_id=1234 item=blue shirt reason=change of mind pickup_date=next Monday,Your return request for blue shirt from order 1234 is confirmed because change of mind; pickup is scheduled for next Monday.,True
27,order_status,"{""order_id"": ""1234"", ""status"": ""confirmed"", ""date"": ""1 May"", ""carrier"": ""Delhivery""}",intent=order_status order_id=1234 status=confirmed date=1 May carrier=Delhivery,Your order 1234 is confirmed on 1 May.,True
318,refund_status,"{""refund_id"": ""RF1010"", ""order_id"": ""2481"", ""refund_status"": ""processed"", ""date"": ""3 May"", ""method"": ""pickup""}",intent=refund_status refund_id=RF1010 order_id=2481 refund_status=processed date=3 May method=pickup,Refund RF1010 for order 2481 is processed on 3 May.,True
142,return_request,"{""order_id"": ""7744"", ""item"": ""phone case"", ""reason"": ""change of mind""}",intent=return_request order_id=7744 item=phone case reason=change of mind,Your return request for phone case from order 7744 is confirmed because change of mind.,True
233,payment_status,"{""order_id"": ""7744"", ""payment_status"": ""successful"", ""amount"": ""₹799"", ""method"": ""drop-off"", ""date"": ""1 May""}",intent=payment_status order_id=7744 payment_status=successful amount=₹799 method=drop-off date=1 May,Payment for order 7744 is successful for ₹799 via drop-off.,True
1,order_status,"{""order_id"": ""1234"", ""status"": ""confirmed"", ""date"": ""2 May"", ""tracking_id"": ""TRK9999""}",intent=order_status order_id=1234 status=confirmed date=2 May tracking_id=TRK9999,The status of order 1234 is confirmed on 2 May.,True
291,refund_status,"{""refund_id"": ""RF1044"", ""order_id"": ""2481"", ""refund_status"": ""approved"", ""amount"": ""₹799"", ""method"": ""mail-in""}",intent=refund_status refund_id=RF1044 order_id=2481 refund_status=approved amount=₹799 method=mail-in,The refund status for order 2481 is approved for ₹799.,True
278,refund_status,"{""refund_id"": ""RF1001"", ""order_id"": ""1234"", ""refund_status"": ""approved"", ""amount"": ""₹2,999"", ""method"": ""mail-in""}","intent=refund_status refund_id=RF1001 order_id=1234 refund_status=approved amount=₹2,999 method=mail-in","Refund RF1001 has been marked as approved for order 1234 for ₹2,999.",True
295,refund_status,"{""refund_id"": ""RF1010"", ""order_id"": ""5630"", ""refund_status"": ""pending"", ""date"": ""2 May""}",intent=refund_status refund_id=RF1010 order_id=5630 refund_status=pending date=2 May,Refund RF1010 has been marked as pending for order 5630 on 2 May.,True
101,cancel_order,"{""order_id"": ""5630"", ""reason"": ""late delivery"", ""date"": ""today""}",intent=cancel_order order_id=5630 reason=late delivery date=today,The cancellation request for order 5630 is complete because late delivery.,True
193,delivery_delay,"{""order_id"": ""9812"", ""eta"": ""5 May"", ""cause"": ""carrier issue""}",intent=delivery_delay order_id=9812 eta=5 May cause=carrier issue,Order 9812 is delayed and is now expected on 5 May because of carrier issue.,True
279,refund_status,"{""refund_id"": ""RF1044"", ""order_id"": ""5630"", ""refund_status"": ""completed""}",intent=refund_status refund_id=RF1044 order_id=5630 refund_status=completed,Refund RF1044 has been marked as completed for order 5630.,True
214,delivery_delay,"{""order_id"": ""5630"", ""eta"": ""2 May"", ""carrier"": ""Delhivery""}",intent=delivery_delay order_id=5630 eta=2 May carrier=Delhivery,The delivery for order 5630 has been delayed until 2 May.,True
104,cancel_order,"{""order_id"": ""5630"", ""reason"": ""duplicate order"", ""date"": ""today""}",intent=cancel_order order_id=5630 reason=duplicate order date=today,I have cancelled order 5630 because duplicate order.,True
172,delivery_delay,"{""order_id"": ""9812"", ""eta"": ""5 May"", ""cause"": ""weather disruption"", ""carrier"": ""FedEx"", ""compensation"": ""a coupon has been issued""}",intent=delivery_delay order_id=9812 eta=5 May cause=weather disruption carrier=FedEx compensation=a coupon has been issued,Your order 9812 will arrive by 5 May because of weather disruption; a coupon has been issued.,False
99,cancel_order,"{""order_id"": ""9812"", ""reason"": ""wrong size"", ""date"": ""2 May""}",intent=cancel_order order_id=9812 reason=wrong size date=2 May,Order 9812 has been cancelled because wrong size.,True
37,order_status,"{""order_id"": ""9812"", ""status"": ""packed"", ""carrier"": ""FedEx""}",intent=order_status order_id=9812 status=packed carrier=FedEx,Order 9812 has been packed.,True
284,refund_status,"{""refund_id"": ""RF1044"", ""order_id"": ""7744"", ""refund_status"": ""approved"", ""amount"": ""₹1,249""}","intent=refund_status refund_id=RF1044 order_id=7744 refund_status=approved amount=₹1,249","Refund RF1044 for order 7744 is approved for ₹1,249.",True
62,cancel_order,"{""order_id"": ""5630"", ""reason"": ""damaged item"", ""date"": ""2 May""}",intent=cancel_order order_id=5630 reason=damaged item date=2 May,I have cancelled order 5630 because damaged item.,True
151,return_request,"{""order_id"": ""9812"", ""item"": ""coffee maker"", ""reason"": ""change of mind"", ""pickup_date"": ""tomorrow""}",intent=return_request order_id=9812 item=coffee maker reason=change of mind pickup_date=tomorrow,A return has been created for coffee maker in order 9812 because change of mind; pickup is scheduled for tomorrow.,True
48,order_status,"{""order_id"": ""7744"", ""status"": ""delivered"", ""date"": ""1 May"", ""tracking_id"": ""TRK2033""}",intent=order_status order_id=7744 status=delivered date=1 May tracking_id=TRK2033,Your order 7744 is delivered on 1 May.,True
235,payment_status,"{""order_id"": ""5630"", ""payment_status"": ""successful"", ""amount"": ""₹1,249"", ""method"": ""drop-off"", ""date"": ""3 May""}","intent=payment_status order_id=5630 payment_status=successful amount=₹1,249 method=drop-off date=3 May","The payment status of order 5630 is successful for ₹1,249 via drop-off.",True
268,payment_status,"{""order_id"": ""1234"", ""payment_status"": ""successful"", ""amount"": ""₹2,999 / ₹799"", ""transaction_id"": ""TXN90812""}","intent=payment_status order_id=1234 payment_status=successful amount=₹2,999 / ₹799 transaction_id=TXN90812","Payment for order 1234 is successful for ₹2,999 / ₹799 and transaction id is TXN90812.",True
12,order_status,"{""order_id"": ""5630"", ""status"": ""delivered"", ""carrier"": ""FedEx""}",intent=order_status order_id=5630 status=delivered carrier=FedEx,The status of order 5630 is delivered.,True
321,refund_status,"{""refund_id"": ""RF1001"", ""order_id"": ""1234"", ""refund_status"": ""pending"", ""date"": ""today"", ""method"": ""pickup""}",intent=refund_status refund_id=RF1001 order_id=1234 refund_status=pending date=today method=pickup,Refund RF1001 for order 1234 is pending on today.,True
201,delivery_delay,"{""order_id"": ""2481"", ""eta"": ""tomorrow evening"", ""cause"": ""weather disruption"", ""carrier"": ""Delhivery""}",intent=delivery_delay order_id=2481 eta=tomorrow evening cause=weather disruption carrier=Delhivery,Your order 2481 will arrive by tomorrow evening because of weather disruption.,True
290,refund_status,"{""refund_id"": ""RF1002"", ""order_id"": ""9812"", ""refund_status"": ""approved"", ""amount"": ""₹1,249"", ""method"": ""mail-in""}","intent=refund_status refund_id=RF1002 order_id=9812 refund_status=approved amount=₹1,249 method=mail-in","Refund RF1002 for order 9812 is approved for ₹1,249.",True
28,order_status,"{""order_id"": ""7744"", ""status"": ""confirmed""}",intent=order_status order_id=7744 status=confirmed,Order 7744 has been confirmed.,True
254,payment_status,"{""order_id"": ""7744"", ""payment_status"": ""failed"", ""amount"": ""₹1,249"", ""date"": ""2 May""}","intent=payment_status order_id=7744 payment_status=failed amount=₹1,249 date=2 May","Order 7744 has a failed payment of ₹1,249.",True
231,payment_status,"{""order_id"": ""2481"", ""payment_status"": ""pending"", ""amount"": ""₹2,999"", ""method"": ""mail-in"", ""transaction_id"": ""TXN77881""}","intent=payment_status order_id=2481 payment_status=pending amount=₹2,999 method=mail-in transaction_id=TXN77881","The payment status of order 2481 is pending for ₹2,999 via mail-in and transaction id is TXN77881.",True
5,order_status,"{""order_id"": ""5630"", ""status"": ""delivered"", ""tracking_id"": ""TRK1001""}",intent=order_status order_id=5630 status=delivered tracking_id=TRK1001,Order 5630 has been delivered.,True
123,return_request,"{""order_id"": ""5630"", ""item"": ""blue shirt"", ""reason"": ""late delivery"", ""method"": ""pickup"", ""return_id"": ""RET2035""}",intent=return_request order_id=5630 item=blue shirt reason=late delivery method=pickup return_id=RET2035,A return has been created for blue shirt in order 5630 because late delivery via pickup.,True
33,order_status,"{""order_id"": ""2481"", ""status"": ""shipped"", ""tracking_id"": ""TRK2033""}",intent=order_status order_id=2481 status=shipped tracking_id=TRK2033,Your order 2481 is shipped.,True
255,payment_status,"{""order_id"": ""5630"", ""payment_status"": ""failed"", ""amount"": ""₹799"", ""method"": ""mail-in"", ""transaction_id"": ""TXN90812""}",intent=payment_status order_id=5630 payment_status=failed amount=₹799 method=mail-in transaction_id=TXN90812,Order 5630 has a failed payment of ₹799 via mail-in and transaction id is TXN90812.,True
163,delivery_delay,"{""order_id"": ""1234"", ""eta"": ""tomorrow"", ""compensation"": ""you are eligible for free shipping next time""}",intent=delivery_delay order_id=1234 eta=tomorrow compensation=you are eligible for free shipping next time,Your order 1234 will arrive by tomorrow; you are eligible for free shipping next time.,True
243,payment_status,"{""order_id"": ""7744"", ""payment_status"": ""successful"", ""amount"": ""₹1,249"", ""method"": ""pickup""}","intent=payment_status order_id=7744 payment_status=successful amount=₹1,249 method=pickup","Payment for order 7744 is successful for ₹1,249 via pickup.",True
306,refund_status,"{""refund_id"": ""RF1001"", ""order_id"": ""2481"", ""refund_status"": ""approved"", ""amount"": ""₹799"", ""method"": ""pickup""}",intent=refund_status refund_id=RF1001 order_id=2481 refund_status=approved amount=₹799 method=pickup,The refund status for order 2481 is approved for ₹799.,True
139,return_request,"{""order_id"": ""1234"", ""item"": ""wireless mouse"", ""reason"": ""late delivery"", ""pickup_date"": ""5 May"", ""return_id"": ""RET2011""}",intent=return_request order_id=1234 item=wireless mouse reason=late delivery pickup_date=5 May return_id=RET2011,A return has been created for wireless mouse in order 1234 because late delivery; pickup is scheduled for 5 May.,True
63,cancel_order,"{""order_id"": ""2481"", ""reason"": ""wrong size""}",intent=cancel_order order_id=2481 reason=wrong size,I have cancelled order 2481 because wrong size.,True
216,delivery_delay,"{""order_id"": ""9812"", ""eta"": ""tomorrow"", ""cause"": ""high demand"", ""carrier"": ""DHL""}",intent=delivery_delay order_id=9812 eta=tomorrow cause=high demand carrier=DHL,The delivery for order 9812 has been delayed until tomorrow because of high demand.,True
136,return_request,"{""order_id"": ""5630"", ""item"": ""blue shirt"", ""reason"": ""duplicate order"", ""pickup_date"": ""3 May"", ""return_id"": ""RET2035""}",intent=return_request order_id=5630 item=blue shirt reason=duplicate order pickup_date=3 May return_id=RET2035,I created a return request for blue shirt under order 5630 because duplicate order; pickup is scheduled for 3 May.,True
302,refund_status,"{""refund_id"": ""RF1010"", ""order_id"": ""5630"", ""refund_status"": ""processed"", ""amount"": ""₹1,249"", ""date"": ""today"", ""method"": ""mail-in""}","intent=refund_status refund_id=RF1010 order_id=5630 refund_status=processed amount=₹1,249 date=today method=mail-in","Refund RF1010 for order 5630 is processed for ₹1,249 on today.",False
129,return_request,"{""order_id"": ""5630"", ""item"": ""wireless mouse"", ""reason"": ""late delivery"", ""pickup_date"": ""5 May""}",intent=return_request order_id=5630 item=wireless mouse reason=late delivery pickup_date=5 May,Your return request for wireless mouse from order 5630 is confirmed because late delivery; pickup is scheduled for 5 May.,True
315,refund_status,"{""refund_id"": ""RF1002"", ""order_id"": ""5630"", ""refund_status"": ""pending"", ""date"": ""2 May"", ""method"": ""pickup""}",intent=refund_status refund_id=RF1002 order_id=5630 refund_status=pending date=2 May method=pickup,The refund status for order 5630 is pending on 2 May.,True
9,order_status,"{""order_id"": ""5630"", ""status"": ""delivered"", ""tracking_id"": ""TRK1001""}",intent=order_status order_id=5630 status=delivered tracking_id=TRK1001,Your order 5630 is delivered.,True
71,cancel_order,"{""order_id"": ""9812"", ""reason"": ""change of mind""}",intent=cancel_order order_id=9812 reason=change of mind,Order 9812 has been cancelled because change of mind.,True
286,refund_status,"{""refund_id"": ""RF1001"", ""order_id"": ""9812"", ""refund_status"": ""approved""}",intent=refund_status refund_id=RF1001 order_id=9812 refund_status=approved,The refund status for order 9812 is approved.,True
65,cancel_order,"{""order_id"": ""7744"", ""reason"": ""late delivery""}",intent=cancel_order order_id=7744 reason=late delivery,I have cancelled order 7744 because late delivery.,True
45,order_status,"{""order_id"": ""5630"", ""status"": ""shipped"", ""date"": ""2 May"", ""tracking_id"": ""TRK2033""}",intent=order_status order_id=5630 status=shipped date=2 May tracking_id=TRK2033,Your order 5630 is shipped on 2 May.,True
15,order_status,"{""order_id"": ""9812"", ""status"": ""shipped"", ""date"": ""3 May""}",intent=order_status order_id=9812 status=shipped date=3 May,The status of order 9812 is shipped on 3 May.,True
157,return_request,"{""order_id"": ""2481"", ""item"": ""blue shirt"", ""reason"": ""change of mind""}",intent=return_request order_id=2481 item=blue shirt reason=change of mind,I created a return request for blue shirt under order 2481 because change of mind.,True
41,order_status,"{""order_id"": ""9812"", ""status"": ""delivered""}",intent=order_status order_id=9812 status=delivered,Your order 9812 is delivered.,True
261,payment_status,"{""order_id"": ""1234"", ""payment_status"": ""successful"", ""amount"": ""₹499"", ""method"": ""drop-off"", ""transaction_id"": ""TXN55521"", ""date"": ""1 May""}",intent=payment_status order_id=1234 payment_status=successful amount=₹499 method=drop-off transaction_id=TXN55521 date=1 May,Payment for order 1234 is successful for ₹499 via drop-off and transaction id is TXN55521.,False
124,return_request,"{""order_id"": ""7744"", ""item"": ""coffee maker"", ""reason"": ""change of mind"", ""method"": ""mail-in"", ""pickup_date"": ""tomorrow"", ""return_id"": ""RET2035""}",intent=return_request order_id=7744 item=coffee maker reason=change of mind method=mail-in pickup_date=tomorrow return_id=RET2035,Your return request for coffee maker from order 7744 is confirmed because change of mind via mail-in; pickup is scheduled for tomorrow.,False
298,refund_status,"{""refund_id"": ""RF1001"", ""order_id"": ""2481"", ""refund_status"": ""completed"", ""amount"": ""₹2,999"", ""date"": ""2 May"", ""method"": ""pickup""}","intent=refund_status refund_id=RF1001 order_id=2481 refund_status=completed amount=₹2,999 date=2 May method=pickup","Refund RF1001 has been marked as completed for order 2481 for ₹2,999 on 2 May.",False
283,refund_status,"{""refund_id"": ""RF1001"", ""order_id"": ""1234"", ""refund_status"": ""processed"", ""amount"": ""₹1,249"", ""date"": ""2 May"", ""method"": ""mail-in""}","intent=refund_status refund_id=RF1001 order_id=1234 refund_status=processed amount=₹1,249 date=2 May method=mail-in","Refund RF1001 has been marked as processed for order 1234 for ₹1,249 on 2 May.",False
217,payment_status,"{""order_id"": ""7744"", ""payment_status"": ""reversed"", ""amount"": ""₹1,249"", ""method"": ""mail-in"", ""date"": ""3 May""}","intent=payment_status order_id=7744 payment_status=reversed amount=₹1,249 method=mail-in date=3 May","Order 7744 has a reversed payment of ₹1,249 via mail-in.",True
282,refund_status,"{""refund_id"": ""RF1044"", ""order_id"": ""5630"", ""refund_status"": ""completed"", ""date"": ""today""}",intent=refund_status refund_id=RF1044 order_id=5630 refund_status=completed date=today,Refund RF1044 has been marked as completed for order 5630 on today.,True
237,payment_status,"{""order_id"": ""9812"", ""payment_status"": ""successful"", ""amount"": ""₹1,249"", ""transaction_id"": ""TXN90812""}","intent=payment_status order_id=9812 payment_status=successful amount=₹1,249 transaction_id=TXN90812","Payment for order 9812 is successful for ₹1,249 and transaction id is TXN90812.",True
208,delivery_delay,"{""order_id"": ""5630"", ""eta"": ""tomorrow evening"", ""compensation"": ""you are eligible for free shipping next time""}",intent=delivery_delay order_id=5630 eta=tomorrow evening compensation=you are eligible for free shipping next time,Order 5630 is delayed and is now expected on tomorrow evening; you are eligible for free shipping next time.,True
213,delivery_delay,"{""order_id"": ""9812"", ""eta"": ""2 May"", ""cause"": ""carrier issue""}",intent=delivery_delay order_id=9812 eta=2 May cause=carrier issue,The delivery for order 9812 has been delayed until 2 May because of carrier issue.,True
296,refund_status,"{""refund_id"": ""RF1010"", ""order_id"": ""9812"", ""refund_status"": ""completed""}",intent=refund_status refund_id=RF1010 order_id=9812 refund_status=completed,Refund RF1010 for order 9812 is completed.,True
252,payment_status,"{""order_id"": ""7744"", ""payment_status"": ""reversed"", ""amount"": ""₹2,999""}","intent=payment_status order_id=7744 payment_status=reversed amount=₹2,999","The payment status of order 7744 is reversed for ₹2,999.",True
316,refund_status,"{""refund_id"": ""RF1001"", ""order_id"": ""5630"", ""refund_status"": ""completed"", ""amount"": ""₹1,249""}","intent=refund_status refund_id=RF1001 order_id=5630 refund_status=completed amount=₹1,249","The refund status for order 5630 is completed for ₹1,249.",True
202,delivery_delay,"{""order_id"": ""2481"", ""eta"": ""tomorrow"", ""cause"": ""logistics delay"", ""carrier"": ""FedEx""}",intent=delivery_delay order_id=2481 eta=tomorrow cause=logistics delay carrier=FedEx,The delivery for order 2481 has been delayed until tomorrow because of logistics delay.,True
162,return_request,"{""order_id"": ""9812"", ""item"": ""running shoes"", ""reason"": ""duplicate order""}",intent=return_request order_id=9812 item=running shoes reason=duplicate order,I created a return request for running shoes under order 9812 because duplicate order.,True
44,order_status,"{""order_id"": ""2481"", ""status"": ""shipped"", ""carrier"": ""DHL"", ""tracking_id"": ""TRK2033""}",intent=order_status order_id=2481 status=shipped carrier=DHL tracking_id=TRK2033,Order 2481 has been shipped.,True
218,payment_status,"{""order_id"": ""5630"", ""payment_status"": ""failed"", ""amount"": ""₹799"", ""method"": ""drop-off"", ""transaction_id"": ""TXN12345""}",intent=payment_status order_id=5630 payment_status=failed amount=₹799 method=drop-off transaction_id=TXN12345,Order 5630 has a failed payment of ₹799 via drop-off and transaction id is TXN12345.,True
191,delivery_delay,"{""order_id"": ""9812"", ""eta"": ""5 May"", ""cause"": ""high demand"", ""carrier"": ""DHL""}",intent=delivery_delay order_id=9812 eta=5 May cause=high demand carrier=DHL,The delivery for order 9812 has been delayed until 5 May because of high demand.,True
260,payment_status,"{""order_id"": ""2481"", ""payment_status"": ""successful"", ""amount"": ""₹2,999"", ""method"": ""pickup"", ""transaction_id"": ""TXN12345""}","intent=payment_status order_id=2481 payment_status=successful amount=₹2,999 method=pickup transaction_id=TXN12345","Payment for order 2481 is successful for ₹2,999 via pickup and transaction id is TXN12345.",True
106,cancel_order,"{""order_id"": ""5630"", ""reason"": ""late delivery"", ""date"": ""2 May""}",intent=cancel_order order_id=5630 reason=late delivery date=2 May,The cancellation request for order 5630 is complete because late delivery.,True
54,order_status,"{""order_id"": ""5630"", ""status"": ""delivered"", ""date"": ""3 May"", ""tracking_id"": ""TRK1001""}",intent=order_status order_id=5630 status=delivered date=3 May tracking_id=TRK1001,Your order 5630 is delivered on 3 May.,True
2,order_status,"{""order_id"": ""1234"", ""status"": ""delivered""}",intent=order_status order_id=1234 status=delivered,Your order 1234 is delivered.,True
50,order_status,"{""order_id"": ""9812"", ""status"": ""shipped"", ""date"": ""1 May"", ""carrier"": ""FedEx"", ""tracking_id"": ""TRK9999""}",intent=order_status order_id=9812 status=shipped date=1 May carrier=FedEx tracking_id=TRK9999,Order 9812 has been shipped on 1 May.,False
81,cancel_order,"{""order_id"": ""5630"", ""reason"": ""wrong size"", ""refund_status"": ""processed"", ""date"": ""3 May""}",intent=cancel_order order_id=5630 reason=wrong size refund_status=processed date=3 May,The cancellation request for order 5630 is complete because wrong size; refund status is processed.,False
206,delivery_delay,"{""order_id"": ""5630"", ""eta"": ""tomorrow evening"", ""carrier"": ""DHL""}",intent=delivery_delay order_id=5630 eta=tomorrow evening carrier=DHL,Order 5630 is delayed and is now expected on tomorrow evening.,True
35,order_status,"{""order_id"": ""1234"", ""status"": ""packed"", ""tracking_id"": ""TRK9999""}",intent=order_status order_id=1234 status=packed tracking_id=TRK9999,The status of order 1234 is packed.,True
264,payment_status,"{""order_id"": ""5630"", ""payment_status"": ""reversed"", ""amount"": ""₹1,249"", ""method"": ""mail-in"", ""transaction_id"": ""TXN55521""}","intent=payment_status order_id=5630 payment_status=reversed amount=₹1,249 method=mail-in transaction_id=TXN55521","The payment status of order 5630 is reversed for ₹1,249 via mail-in and transaction id is TXN55521.",True
92,cancel_order,"{""order_id"": ""1234"", ""reason"": ""change of mind""}",intent=cancel_order order_id=1234 reason=change of mind,Order 1234 has been cancelled because change of mind.,True
53,order_status,"{""order_id"": ""9812"", ""status"": ""shipped"", ""date"": ""today"", ""carrier"": ""DHL"", ""tracking_id"": ""TRK9999""}",intent=order_status order_id=9812 status=shipped date=today carrier=DHL tracking_id=TRK9999,Your order 9812 is shipped on today.,False
265,payment_status,"{""order_id"": ""9812"", ""payment_status"": ""reversed"", ""amount"": ""₹2,999"", ""date"": ""today""}","intent=payment_status order_id=9812 payment_status=reversed amount=₹2,999 date=today","The payment status of order 9812 is reversed for ₹2,999.",True
242,payment_status,"{""order_id"": ""9812"", ""payment_status"": ""reversed"", ""amount"": ""₹1,249"", ""method"": ""pickup"", ""transaction_id"": ""TXN12345"", ""date"": ""today""}","intent=payment_status order_id=9812 payment_status=reversed amount=₹1,249 method=pickup transaction_id=TXN12345 date=today","Order 9812 has a reversed payment of ₹1,249 via pickup and transaction id is TXN12345.",False
14,order_status,"{""order_id"": ""1234"", ""status"": ""out for delivery"", ""carrier"": ""FedEx"", ""tracking_id"": ""TRK1001""}",intent=order_status order_id=1234 status=out for delivery carrier=FedEx tracking_id=TRK1001,Your order 1234 is out for delivery.,True
89,cancel_order,"{""order_id"": ""1234"", ""reason"": ""duplicate order""}",intent=cancel_order order_id=1234 reason=duplicate order,The cancellation request for order 1234 is complete because duplicate order.,True
274,refund_status,"{""refund_id"": ""RF1044"", ""order_id"": ""9812"", ""refund_status"": ""approved"", ""method"": ""drop-off""}",intent=refund_status refund_id=RF1044 order_id=9812 refund_status=approved method=drop-off,Refund RF1044 has been marked as approved for order 9812.,True
167,delivery_delay,"{""order_id"": ""5630"", ""eta"": ""tomorrow evening"", ""carrier"": ""Delhivery""}",intent=delivery_delay order_id=5630 eta=tomorrow evening carrier=Delhivery,Order 5630 is delayed and is now expected on tomorrow evening.,True
319,refund_status,"{""refund_id"": ""RF1010"", ""order_id"": ""7744"", ""refund_status"": ""processed"", ""amount"": ""₹2,999"", ""date"": ""1 May"", ""method"": ""mail-in""}","intent=refund_status refund_id=RF1010 order_id=7744 refund_status=processed amount=₹2,999 date=1 May method=mail-in","The refund status for order 7744 is processed for ₹2,999 on 1 May.",False
135,return_request,"{""order_id"": ""1234"", ""item"": ""coffee maker"", ""reason"": ""wrong size"", ""method"": ""mail-in"", ""return_id"": ""RET2035""}",intent=return_request order_id=1234 item=coffee maker reason=wrong size method=mail-in return_id=RET2035,A return has been created for coffee maker in order 1234 because wrong size via mail-in.,True
312,refund_status,"{""refund_id"": ""RF1044"", ""order_id"": ""7744"", ""refund_status"": ""pending"", ""date"": ""1 May"", ""method"": ""pickup""}",intent=refund_status refund_id=RF1044 order_id=7744 refund_status=pending date=1 May method=pickup,The refund status for order 7744 is pending on 1 May.,True
244,payment_status,"{""order_id"": ""2481"", ""payment_status"": ""successful"", ""amount"": ""₹799 / ₹1,249"", ""date"": ""1 May""}","intent=payment_status order_id=2481 payment_status=successful amount=₹799 / ₹1,249 date=1 May","Order 2481 has a successful payment of ₹799 / ₹1,249.",True
55,cancel_order,"{""order_id"": ""2481"", ""reason"": ""wrong size""}",intent=cancel_order order_id=2481 reason=wrong size,Order 2481 has been cancelled because wrong size.,True
51,order_status,"{""order_id"": ""5630"", ""status"": ""delivered"", ""tracking_id"": ""TRK9999""}",intent=order_status order_id=5630 status=delivered tracking_id=TRK9999,Your order 5630 is delivered.,True
175,delivery_delay,"{""order_id"": ""7744"", ""eta"": ""2 May"", ""compensation"": ""a refund adjustment may apply""}",intent=delivery_delay order_id=7744 eta=2 May compensation=a refund adjustment may apply,Order 7744 is delayed and is now expected on 2 May; a refund adjustment may apply.,True
190,delivery_delay,"{""order_id"": ""5630"", ""eta"": ""7 May"", ""cause"": ""logistics delay"", ""carrier"": ""BlueDart""}",intent=delivery_delay order_id=5630 eta=7 May cause=logistics delay carrier=BlueDart,The delivery for order 5630 has been delayed until 7 May because of logistics delay.,True
323,refund_status,"{""refund_id"": ""RF1001"", ""order_id"": ""2481"", ""refund_status"": ""approved"", ""amount"": ""₹499"", ""date"": ""1 May"", ""method"": ""drop-off""}",intent=refund_status refund_id=RF1001 order_id=2481 refund_status=approved amount=₹499 date=1 May method=drop-off,The refund status for order 2481 is approved for ₹499 on 1 May.,False
188,delivery_delay,"{""order_id"": ""7744"", ""eta"": ""2 May"", ""carrier"": ""Delhivery"", ""compensation"": ""you are eligible for free shipping next time""}",intent=delivery_delay order_id=7744 eta=2 May carrier=Delhivery compensation=you are eligible for free shipping next time,The delivery for order 7744 has been delayed until 2 May; you are eligible for free shipping next time.,True
170,delivery_delay,"{""order_id"": ""5630"", ""eta"": ""tomorrow evening"", ""compensation"": ""you are eligible for free shipping next time""}",intent=delivery_delay order_id=5630 eta=tomorrow evening compensation=you are eligible for free shipping next time,Order 5630 is delayed and is now expected on tomorrow evening; you are eligible for free shipping next time.,True
59,cancel_order,"{""order_id"": ""2481"", ""reason"": ""late delivery"", ""refund_status"": ""processed"", ""date"": ""today""}",intent=cancel_order order_id=2481 reason=late delivery refund_status=processed date=today,The cancellation request for order 2481 is complete because late delivery; refund status is processed.,False
49,order_status,"{""order_id"": ""9812"", ""status"": ""delivered"", ""date"": ""2 May""}",intent=order_status order_id=9812 status=delivered date=2 May,Order 9812 has been delivered on 2 May.,True
236,payment_status,"{""order_id"": ""9812"", ""payment_status"": ""successful"", ""amount"": ""₹1,249"", ""method"": ""mail-in"", ""transaction_id"": ""TXN12345""}","intent=payment_status order_id=9812 payment_status=successful amount=₹1,249 method=mail-in transaction_id=TXN12345","Order 9812 has a successful payment of ₹1,249 via mail-in and transaction id is TXN12345.",True
253,payment_status,"{""order_id"": ""2481"", ""payment_status"": ""failed"", ""amount"": ""₹2,999"", ""transaction_id"": ""TXN77881"", ""date"": ""1 May""}","intent=payment_status order_id=2481 payment_status=failed amount=₹2,999 transaction_id=TXN77881 date=1 May","Order 2481 has a failed payment of ₹2,999 and transaction id is TXN77881.",True
22,order_status,"{""order_id"": ""2481"", ""status"": ""confirmed""}",intent=order_status order_id=2481 status=confirmed,Your order 2481 is confirmed.,True
161,return_request,"{""order_id"": ""9812"", ""item"": ""blue shirt"", ""reason"": ""change of mind"", ""method"": ""drop-off"", ""pickup_date"": ""tomorrow""}",intent=return_request order_id=9812 item=blue shirt reason=change of mind method=drop-off pickup_date=tomorrow,Your return request for blue shirt from order 9812 is confirmed because change of mind via drop-off; pickup is scheduled for tomorrow.,True
277,refund_status,"{""refund_id"": ""RF1044"", ""order_id"": ""1234"", ""refund_status"": ""completed"", ""amount"": ""₹799"", ""date"": ""today"", ""method"": ""drop-off""}",intent=refund_status refund_id=RF1044 order_id=1234 refund_status=completed amount=₹799 date=today method=drop-off,Refund RF1044 has been marked as completed for order 1234 for ₹799 on today.,False
192,delivery_delay,"{""order_id"": ""5630"", ""eta"": ""tomorrow evening"", ""cause"": ""weather disruption"", ""carrier"": ""DHL"", ""compensation"": ""you are eligible for free shipping next time""}",intent=delivery_delay order_id=5630 eta=tomorrow evening cause=weather disruption carrier=DHL compensation=you are eligible for free shipping next time,Order 5630 is delayed and is now expected on tomorrow evening because of weather disruption; you are eligible for free shipping next time.,False
294,refund_status,"{""refund_id"": ""RF1044"", ""order_id"": ""9812"", ""refund_status"": ""approved"", ""amount"": ""₹499"", ""date"": ""2 May""}",intent=refund_status refund_id=RF1044 order_id=9812 refund_status=approved amount=₹499 date=2 May,The refund status for order 9812 is approved for ₹499 on 2 May.,True
258,payment_status,"{""order_id"": ""1234"", ""payment_status"": ""reversed"", ""amount"": ""₹499"", ""transaction_id"": ""TXN55521""}",intent=payment_status order_id=1234 payment_status=reversed amount=₹499 transaction_id=TXN55521,Payment for order 1234 is reversed for ₹499 and transaction id is TXN55521.,True
309,refund_status,"{""refund_id"": ""RF1010"", ""order_id"": ""2481"", ""refund_status"": ""approved"", ""amount"": ""₹799"", ""date"": ""1 May"", ""method"": ""pickup""}",intent=refund_status refund_id=RF1010 order_id=2481 refund_status=approved amount=₹799 date=1 May method=pickup,Refund RF1010 has been marked as approved for order 2481 for ₹799 on 1 May.,False
150,return_request,"{""order_id"": ""7744"", ""item"": ""phone case"", ""reason"": ""damaged item"", ""pickup_date"": ""next Monday""}",intent=return_request order_id=7744 item=phone case reason=damaged item pickup_date=next Monday,Your return request for phone case from order 7744 is confirmed because damaged item; pickup is scheduled for next Monday.,True
131,return_request,"{""order_id"": ""5630"", ""item"": ""phone case"", ""reason"": ""change of mind"", ""pickup_date"": ""next Monday""}",intent=return_request order_id=5630 item=phone case reason=change of mind pickup_date=next Monday,Your return request for phone case from order 5630 is confirmed because change of mind; pickup is scheduled for next Monday.,True
152,return_request,"{""order_id"": ""5630"", ""item"": ""coffee maker"", ""reason"": ""damaged item"", ""pickup_date"": ""5 May""}",intent=return_request order_id=5630 item=coffee maker reason=damaged item pickup_date=5 May,I created a return request for coffee maker under order 5630 because damaged item; pickup is scheduled for 5 May.,True
100,cancel_order,"{""order_id"": ""1234"", ""reason"": ""change of mind""}",intent=cancel_order order_id=1234 reason=change of mind,The cancellation request for order 1234 is complete because change of mind.,True
88,cancel_order,"{""order_id"": ""9812"", ""reason"": ""damaged item"", ""refund_status"": ""approved""}",intent=cancel_order order_id=9812 reason=damaged item refund_status=approved,I have cancelled order 9812 because damaged item; refund status is approved.,True
215,delivery_delay,"{""order_id"": ""9812"", ""eta"": ""tomorrow evening"", ""cause"": ""logistics delay""}",intent=delivery_delay order_id=9812 eta=tomorrow evening cause=logistics delay,The delivery for order 9812 has been delayed until tomorrow evening because of logistics delay.,True
122,return_request,"{""order_id"": ""9812"", ""item"": ""blue shirt"", ""reason"": ""change of mind"", ""return_id"": ""RET2035""}",intent=return_request order_id=9812 item=blue shirt reason=change of mind return_id=RET2035,Your return request for blue shirt from order 9812 is confirmed because change of mind.,True
324,refund_status,"{""refund_id"": ""RF1010"", ""order_id"": ""1234"", ""refund_status"": ""completed"", ""method"": ""drop-off""}",intent=refund_status refund_id=RF1010 order_id=1234 refund_status=completed method=drop-off,Refund RF1010 for order 1234 is completed.,True
21,order_status,"{""order_id"": ""7744"", ""status"": ""confirmed""}",intent=order_status order_id=7744 status=confirmed,The status of order 7744 is confirmed.,True
189,delivery_delay,"{""order_id"": ""5630"", ""eta"": ""tomorrow"", ""carrier"": ""Delhivery"", ""compensation"": ""you are eligible for free shipping next time""}",intent=delivery_delay order_id=5630 eta=tomorrow carrier=Delhivery compensation=you are eligible for free shipping next time,Your order 5630 will arrive by tomorrow; you are eligible for free shipping next time.,True
72,cancel_order,"{""order_id"": ""2481"", ""reason"": ""wrong size"", ""refund_status"": ""approved""}",intent=cancel_order order_id=2481 reason=wrong size refund_status=approved,Order 2481 has been cancelled because wrong size; refund status is approved.,True
107,cancel_order,"{""order_id"": ""7744"", ""reason"": ""damaged item"", ""refund_status"": ""completed"", ""date"": ""1 May""}",intent=cancel_order order_id=7744 reason=damaged item refund_status=completed date=1 May,I have cancelled order 7744 because damaged item; refund status is completed.,False
271,refund_status,"{""refund_id"": ""RF1010"", ""order_id"": ""2481"", ""refund_status"": ""completed"", ""amount"": ""₹1,249"", ""date"": ""2 May""}","intent=refund_status refund_id=RF1010 order_id=2481 refund_status=completed amount=₹1,249 date=2 May","The refund status for order 2481 is completed for ₹1,249 on 2 May.",True
103,cancel_order,"{""order_id"": ""5630"", ""reason"": ""change of mind"", ""date"": ""1 May""}",intent=cancel_order order_id=5630 reason=change of mind date=1 May,The cancellation request for order 5630 is complete because change of mind.,True
